"ID","Description","setSize","enrichmentScore","NES","pvalue","p.adjust","qvalue","rank","leading_edge","core_enrichment"
"R-HSA-69239","Synthesis of DNA",107,-0.663868238960123,-2.63195371247829,1e-10,1.38166666666667e-08,1.02105263157895e-08,4093,"tags=58%, list=18%, signal=48%","7316/23595/6502/84296/5694/5707/8697/11047/6119/4176/5719/8881/6117/5983/5981/5700/23649/5718/5690/5695/5704/5689/5709/5692/4998/5685/898/5687/5425/81620/5984/51529/5682/5982/5708/5686/4173/5701/1763/5557/8318/5717/5001/11065/23594/9134/5684/84515/5985/10213/51659/7321/5691/5558/9837/5427/6118/64785/990/2237/54107/51053"
"R-HSA-69242","S Phase",149,-0.617894922095078,-2.59258347436362,1e-10,1.38166666666667e-08,1.02105263157895e-08,4093,"tags=52%, list=18%, signal=43%","7316/23595/132660/6502/84296/4609/5694/10274/5707/8697/11047/6119/4176/5719/8881/6117/5983/5981/5700/23649/5718/5690/5695/5704/286826/5689/5709/5692/4998/5685/898/7027/5687/5425/81620/8243/902/5984/1019/51529/5682/5982/5708/5686/4173/5701/1869/1763/5557/8318/5717/5001/23244/11065/23594/9134/5684/157570/84515/5985/10213/51659/1163/7321/5691/5558/9837/1022/5427/6118/113130/64785/990/993/2237/54107/7465/51053"
"R-HSA-69206","G1/S Transition",121,-0.608265098287806,-2.46293316636149,1e-10,1.38166666666667e-08,1.02105263157895e-08,4093,"tags=53%, list=18%, signal=44%","7316/23595/132660/6502/4609/5694/5707/11047/6119/4176/5719/1876/6117/891/5933/5700/23649/5718/5690/5695/5704/286826/5689/5709/5692/4998/5685/10926/898/7027/5687/81620/902/1019/5682/5708/5686/4173/5701/1869/983/26271/6241/5557/8318/5717/5001/23594/9134/5684/84515/10213/1163/5691/5558/1022/5427/6118/990/993/55388/54107/7465/51053"
"R-HSA-69306","DNA Replication",179,-0.559393277408283,-2.40716995062388,1e-10,1.38166666666667e-08,1.02105263157895e-08,4364,"tags=45%, list=19%, signal=36%","3980/4175/6742/7316/23595/6502/84296/8338/5694/5707/8697/11047/6119/4176/5719/8881/6117/5983/5981/246243/5700/23649/5718/5690/5695/5704/5689/5709/5692/4998/5685/10926/898/55766/102724334/5687/5425/8335/81620/5984/7156/51529/5682/5982/5708/5686/8365/5442/4173/5701/1763/5557/8318/3014/92667/5717/5001/11065/23594/9134/5684/56652/84515/5985/10213/128312/51659/7321/5691/5558/9837/5427/6118/64785/990/2237/55388/54107/51053/8334"
"R-HSA-453279","Mitotic G1 phase and G1/S transition",139,-0.56379375092397,-2.34971204477188,1e-10,1.38166666666667e-08,1.02105263157895e-08,4093,"tags=50%, list=18%, signal=41%","7316/23595/132660/6502/4609/5694/5707/11047/6119/4176/5719/1876/6117/891/5933/5700/23649/5718/5690/5695/5520/1871/5704/896/286826/5689/5709/5692/4998/5685/10926/898/7027/4605/5687/81620/902/1870/1019/5682/5708/5686/4173/5701/7153/1869/983/26271/6241/5557/8318/5717/5001/23594/9134/5684/84515/10213/1163/5691/5558/1022/5427/6118/990/993/55388/54107/7465/51053"
"R-HSA-69620","Cell Cycle Checkpoints",276,-0.504692569414102,-2.27510379876472,1e-10,1.38166666666667e-08,1.02105263157895e-08,4093,"tags=42%, list=18%, signal=35%","7316/23595/7514/10403/7534/5694/11200/79023/9025/5707/8697/11047/6119/4176/5719/8881/2810/6117/1111/5983/54908/144715/51512/891/5903/83695/5700/151648/5905/5718/5810/5690/5695/699/6249/5704/991/79184/672/5689/5709/5692/4998/5685/10926/898/11243/9183/55143/102724334/83540/5687/5984/7156/51529/5682/5982/5708/5686/995/332/8365/4173/1780/57122/5701/79019/1763/10726/7468/983/3364/8318/23421/3014/1058/165918/9133/4928/5717/11004/5001/9088/55920/11065/23594/2491/9134/5684/84515/79902/5985/10213/128312/9156/83990/7321/7532/5884/5691/5932/81929/6118/63967/9577/55055/11130/55166/54821/990/993/79980/55388/79682/7465/220134"
"R-HSA-69481","G2/M Checkpoints",154,-0.539702860499902,-2.26107523644214,1e-10,1.38166666666667e-08,1.02105263157895e-08,4093,"tags=49%, list=18%, signal=40%","7316/23595/7534/5694/11200/9025/5707/11047/6119/4176/5719/2810/6117/1111/5983/144715/51512/891/83695/5700/5718/5810/5690/5695/5704/79184/672/5689/5709/5692/4998/5685/10926/102724334/5687/5984/7156/5682/5982/5708/5686/995/8365/4173/5701/1763/7468/983/3364/8318/3014/165918/9133/5717/5001/9088/23594/5684/84515/5985/10213/128312/9156/83990/7532/5884/5691/5932/6118/63967/9577/990/993/55388/7465"
"R-HSA-2555396","Mitotic Metaphase and Anaphase",222,-0.497473883012081,-2.19977732513492,1e-10,1.38166666666667e-08,1.02105263157895e-08,5002,"tags=45%, list=22%, signal=36%","9184/8655/5688/5683/378708/348995/25978/5901/10383/3619/51807/23279/100526767/7316/7514/10403/9232/5694/10274/79023/5707/8697/11047/5719/81027/8881/54908/891/5903/55869/2010/5700/151648/5905/5718/7278/5690/5695/5520/699/6249/5704/991/5689/5709/5692/5685/84790/11243/9183/55143/83540/5687/8243/7329/92421/9700/51529/5682/5708/5686/332/4001/221496/1780/57122/5701/79019/79861/10726/983/26271/23421/1058/9133/4928/5717/53371/11004/23244/55920/11065/2491/5684/79902/10213/10376/7321/1104/5691/81929/23511/113130/55055/11130/55166/54821/129401/79980/79682/220134"
"R-HSA-68882","Mitotic Anaphase",221,-0.49522135771539,-2.18706108056883,1e-10,1.38166666666667e-08,1.02105263157895e-08,5002,"tags=45%, list=22%, signal=36%","9184/8655/5688/5683/378708/348995/25978/5901/10383/3619/51807/23279/100526767/7316/7514/10403/9232/5694/10274/79023/5707/8697/11047/5719/81027/8881/54908/891/5903/55869/2010/5700/151648/5905/5718/7278/5690/5695/5520/699/6249/5704/991/5689/5709/5692/5685/84790/11243/9183/55143/83540/5687/8243/7329/92421/9700/51529/5682/5708/5686/332/4001/221496/1780/57122/5701/79019/79861/10726/983/23421/1058/9133/4928/5717/53371/11004/23244/55920/11065/2491/5684/79902/10213/10376/7321/1104/5691/81929/23511/113130/55055/11130/55166/54821/129401/79980/79682/220134"
"R-HSA-112316","Neuronal System",407,0.45556438915948,2.0570781622873,1e-10,1.38166666666667e-08,1.02105263157895e-08,3532,"tags=33%, list=16%, signal=28%","43/22829/140679/3736/58512/3750/8573/3766/3785/6833/3761/3746/5595/114798/8825/6196/4905/2904/6572/2902/610/4916/9378/3780/80059/80852/90134/3764/57030/2892/54413/6511/57502/8496/57622/9254/2555/57669/3743/9647/22941/3752/6507/815/1103/2770/10382/2901/2899/5582/78999/1141/9229/3745/10815/1742/2771/2569/54207/9456/27165/782/9568/348980/2897/3748/3773/22999/217/84189/59283/7102/5573/9369/139065/3758/112714/785/3737/27345/22839/3767/808/9132/88/6616/6853/2782/4747/84631/817/2903/2906/6571/3754/4900/5330/115/773/816/6854/6531/1739/320/111/94030/774/50801/1741/3777/3265/57555/347731/112/3757/50944/10497/84617/27094/2571/3790/784/10211/9256/9312/57596/3742/108/57657/8497/1740/23229/107/9424/91683"
"R-HSA-68886","M Phase",399,-0.438398890642514,-2.04757037843567,1e-10,1.38166666666667e-08,1.02105263157895e-08,5073,"tags=39%, list=22%, signal=30%","3021/10592/9184/8655/5688/55125/5683/10776/378708/80184/348995/25978/5901/1457/54801/10383/3619/51807/7283/23279/100526767/7316/7514/10403/9918/22994/54892/8338/9232/5694/10274/79023/23310/2029/8021/5707/8697/9738/11047/114791/5719/81027/80254/121441/8881/9662/54908/891/5903/55869/2010/5700/5578/151648/5905/5718/7278/5690/5695/5520/699/6249/5704/10733/991/5689/5709/5692/5685/84790/11243/55766/9183/55143/102724334/83540/5687/8335/8243/7329/4957/29781/92421/9700/10762/1069/51529/5682/5708/84131/5686/9493/332/4001/8365/5577/221496/1780/10426/57122/5701/93323/55142/79019/29922/79861/10726/983/26271/23421/3014/22897/1058/9133/4928/5717/53371/11004/23244/84930/5594/55920/11065/2491/5684/23354/64689/79902/10213/128312/8480/10376/23175/7321/1104/7532/5691/81929/23511/255919/113130/55055/11130/55732/440145/55166/23397/54821/129401/79980/10121/79682/8334/220134"
"R-HSA-72203","Processing of Capped Intron-Containing Pre-mRNA",284,-0.444570346789025,-2.00692015868751,1e-10,1.38166666666667e-08,1.02105263157895e-08,6156,"tags=44%, list=27%, signal=32%","11325/7307/102724594/10907/55749/53981/6626/84321/3183/27258/3188/9972/79622/8086/55110/51691/23636/9416/6426/54883/84811/24144/10772/10285/55696/7884/7919/9716/55339/5093/80145/6637/348995/79171/10291/22916/26121/6428/23279/58509/79869/5431/10713/8449/24148/56949/5433/9984/79023/22826/8021/4809/6629/3185/56259/57461/55094/4236/57721/5903/10992/10081/55954/10450/51639/988/10283/6432/6431/5356/9092/9343/84950/6634/8896/85437/6632/22985/23517/23020/10762/6427/6936/27339/5546/29107/6628/57122/11051/10465/9128/5725/79753/51340/22938/728343/51645/6625/5094/84844/4928/53371/83443/10286/1477/1478/79902/55100/8480/23283/163859/9410/10946/5437/81929/23511/85313/10179/23658/129401/3312/10978/57819/5435"
"R-HSA-2467813","Separation of Sister Chromatids",176,-0.510035716892295,-2.18890552184418,1.43376535867384e-10,1.82860228052402e-08,1.35133836234522e-08,5002,"tags=48%, list=22%, signal=37%","9184/8655/5688/5683/378708/348995/10383/3619/51807/23279/7316/7514/10403/9232/5694/10274/79023/5707/8697/11047/5719/81027/8881/54908/5903/55869/5700/151648/5905/5718/7278/5690/5695/699/6249/5704/991/5689/5709/5692/5685/84790/11243/9183/55143/83540/5687/8243/9700/51529/5682/5708/5686/332/1780/57122/5701/79019/79861/10726/23421/1058/4928/5717/11004/23244/55920/11065/2491/5684/79902/10213/10376/7321/5691/81929/113130/55055/11130/55166/54821/79980/79682/220134"
"R-HSA-6790901","rRNA modification in the nucleus and cytosol",60,-0.679954253334856,-2.43853834127913,3.35664079705872e-10,3.97522174394525e-08,2.93769164494462e-08,3121,"tags=70%, list=14%, signal=60%","55226/9790/55505/22984/10607/51202/4839/134430/51118/84135/23160/4809/10528/11056/10813/54555/10199/27340/55272/25926/9277/55127/56902/51602/88745/57647/51096/114049/10885/10436/92856/27292/25879/54433/57050/65083/55813/1736/51077/84916/27042/9136"
"R-HSA-69002","DNA Replication Pre-Initiation",144,-0.529239660719697,-2.20631397221268,6.18961457946158e-10,6.84158731516486e-08,5.05593780385493e-08,4093,"tags=40%, list=18%, signal=33%","7316/23595/8338/5694/5707/8697/11047/6119/4176/5719/8881/6117/5700/23649/5718/5690/5695/5704/5689/5709/5692/4998/5685/10926/55766/102724334/5687/8335/81620/51529/5682/5708/5686/8365/4173/5701/5557/8318/3014/5717/5001/11065/23594/5684/84515/10213/128312/7321/5691/5558/5427/6118/990/55388/54107/51053/8334"
"R-HSA-69052","Switching of origins to a post-replicative state",78,-0.625414235793901,-2.3710716026908,1.04889166371049e-09,1.08691398652e-07,8.03230195104614e-08,5023,"tags=59%, list=22%, signal=46%","890/4174/5688/5683/4175/7316/23595/6502/5694/5707/8697/11047/4176/5719/8881/5700/5718/5690/5695/5704/5689/5709/5692/4998/5685/898/5687/81620/51529/5682/5708/5686/4173/5701/5717/5001/11065/23594/9134/5684/84515/10213/7321/5691/990/51053"
"R-HSA-5368287","Mitochondrial translation",93,-0.588551254050483,-2.27906565258559,1.23463961475375e-09,1.20413675368336e-07,8.89857901903013e-08,5750,"tags=61%, list=25%, signal=46%","84340/64978/65080/64963/122704/65003/23107/92399/64976/9801/51373/56945/63875/10240/64969/63931/7284/51021/65005/51253/64979/740/54998/84545/28977/28973/51263/128308/51073/10102/26589/55168/51023/219927/51642/57129/51069/64949/11222/10884/51318/51649/28998/65993/64432/51116/65008/6182/29074/123263/79590/118487/4528/55173/51258/29088/54534"
"R-HSA-72312","rRNA processing",203,-0.469311736353677,-2.05063085857933,1.63505014128649e-09,1.50606285236277e-07,1.11298149968273e-07,3121,"tags=27%, list=14%, signal=23%","10528/10200/11056/10813/56915/54931/55781/54555/10199/51013/23517/27340/55272/84946/25926/9277/10557/55127/56902/23246/51602/88745/57647/51010/51096/114049/10885/10556/10436/92856/387338/27292/25879/29960/79707/6160/55759/81887/54433/23481/57050/90459/200916/65083/55813/51388/9188/79922/1736/51077/84916/27042/10969/9136"
"R-HSA-162906","HIV Infection",218,-0.458387699581389,-2.02259653197517,2.49755879964792e-09,2.17944867885066e-07,1.61061409572863e-07,4262,"tags=39%, list=19%, signal=32%","5688/5683/10053/2967/348995/25978/5901/22916/7936/23279/100526767/7316/5431/7514/10015/3159/8907/5433/164/5694/79023/8021/5707/11047/5719/6873/6749/2957/5903/8731/5700/2068/7520/54457/5905/5718/5690/5695/5704/5689/5709/5692/5685/5687/902/92421/10762/5682/5708/926/5686/9150/55048/6878/57122/5701/2960/2965/4928/5717/53371/4869/51616/1234/5902/5684/79902/10213/8480/1104/5437/5691/6880/1022/3055/81929/23511/919/2547/7518/129401/6924/1174/5435/2237/5045"
"R-HSA-68877","Mitotic Prometaphase",204,-0.470248016130264,-2.05464310044178,5.37240362837590e-09,4.45372260792362e-07,3.2913041175945e-07,5129,"tags=42%, list=23%, signal=33%","5515/10592/9184/8655/55125/378708/80184/348995/1457/54801/10383/3619/51807/7283/23279/7514/10403/9918/22994/10274/79023/9738/114791/81027/80254/121441/9662/54908/891/5903/55869/151648/5905/7278/699/6249/10733/991/84790/11243/9183/55143/83540/8243/4957/1069/84131/332/5577/1780/10426/57122/93323/55142/79019/29922/79861/10726/983/23421/22897/1058/9133/4928/11004/23244/55920/2491/23354/79902/10376/7532/81929/113130/55055/11130/55732/440145/55166/23397/54821/79980/10121/79682/220134"
"R-HSA-5368286","Mitochondrial translation initiation",87,-0.592019122551142,-2.25633180253476,7.00351129719317e-09,5.52943891940299e-07,4.08625922302399e-07,5706,"tags=61%, list=25%, signal=46%","64978/65080/64963/122704/65003/23107/64976/9801/51373/56945/63875/10240/64969/63931/51021/65005/51253/64979/740/54998/84545/28977/28973/51263/128308/51073/26589/55168/51023/219927/51642/57129/51069/64949/11222/10884/51318/51649/28998/65993/64432/51116/65008/6182/29074/123263/79590/118487/4528/55173/51258/29088/54534"
"R-HSA-72766","Translation",291,-0.414886944454381,-1.8793939731129,8.30301165552207e-09,6.25745151129799e-07,4.62426103685535e-07,4637,"tags=33%, list=21%, signal=27%","6745/4141/6191/23395/64969/6133/63931/57505/7284/51520/116832/51121/1650/8664/6123/10480/51021/65005/23708/51253/8892/58477/64979/6730/740/8565/54998/1981/84545/28977/28973/51263/1973/8663/128308/51073/10102/28972/26589/2107/55168/57176/8668/51023/219927/1964/6728/51067/6747/1965/9521/51642/57129/6746/7965/51069/64949/11222/10884/1967/8891/10056/51318/51649/8893/23478/4677/2058/28998/60559/65993/64432/2617/51116/6160/3735/9255/1983/65008/124454/6182/200916/29074/123263/79590/6184/2935/118487/4528/5917/8662/55173/51258/7407/29088/54534"
"R-HSA-68949","Orc1 removal from chromatin",58,-0.648889170210625,-2.31668063394028,1.2215007111373e-08,8.80542686550279e-07,6.50721660303806e-07,5023,"tags=66%, list=22%, signal=51%","890/4174/5688/5683/4175/7316/23595/6502/5694/5707/11047/4176/5719/5700/5718/5690/5695/5704/5689/5709/5692/4998/5685/5687/81620/5682/5708/5686/4173/5701/5717/5001/23594/5684/84515/10213/5691/990"
"R-HSA-397014","Muscle contraction",204,0.474766014882652,2.00718614494249,1.32179136257947e-08,9.13137532981981e-07,6.74809274580043e-07,2908,"tags=31%, list=13%, signal=28%","7135/4635/53822/7139/3750/29895/3761/59285/5348/1674/8913/482/4606/6330/7094/9254/6324/481/4632/3752/815/6326/6543/59284/8654/491/7134/55800/4842/2258/54207/6327/7138/782/6261/204851/4880/217/59283/2977/6328/6547/4881/3767/808/2983/88/53826/10174/58/817/140465/8912/487/6910/816/844/478/30820/50801/3777/9992/25802/3757"
"R-HSA-6794362","Protein-protein interactions at synapses",86,0.597043755727544,2.22356610915076,1.54818198179647e-08,1.02675429032742e-06,7.58772137604672e-07,3532,"tags=47%, list=16%, signal=39%","22829/58512/8573/114798/8825/2904/2902/4916/9378/80059/2892/54413/57502/8496/57622/57669/22941/78999/9229/1742/9456/84189/9369/139065/22839/84631/2903/2906/1739/320/94030/1741/57555/347731/50944/10211/57596/8497/1740/91683"
"R-HSA-5389840","Mitochondrial translation elongation",87,-0.583983849004416,-2.22570738086504,1.68577087180889e-08,1.07500311748429e-06,7.94428054569049e-07,5706,"tags=61%, list=25%, signal=46%","64978/65080/64963/122704/65003/23107/64976/9801/51373/56945/63875/10240/64969/63931/7284/51021/65005/51253/64979/740/54998/84545/28977/28973/51263/128308/51073/10102/26589/55168/51023/219927/51642/57129/51069/64949/11222/10884/51318/51649/28998/65993/64432/51116/65008/6182/29074/79590/118487/55173/51258/29088/54534"
"R-HSA-5419276","Mitochondrial translation termination",87,-0.583094985970946,-2.22231970324768,1.77372197302457e-08,1.0891966782499e-06,8.04917105887172e-07,5750,"tags=61%, list=25%, signal=46%","84340/64978/65080/64963/122704/65003/23107/92399/64976/9801/51373/56945/63875/10240/64969/63931/51021/65005/51253/64979/740/54998/84545/28977/28973/51263/128308/51073/26589/55168/51023/219927/51642/57129/51069/64949/11222/10884/51318/51649/28998/65993/64432/51116/65008/6182/29074/79590/118487/55173/51258/29088/54534"
"R-HSA-8868773","rRNA processing in the nucleus and cytosol",193,-0.458540108371406,-1.99345903064327,2.77701019197838e-08,1.64438674939291e-06,1.21520295618904e-06,3121,"tags=26%, list=14%, signal=23%","10528/10200/11056/10813/56915/55781/54555/10199/51013/23517/27340/55272/84946/25926/9277/10557/55127/56902/23246/51602/88745/57647/51010/51096/114049/10885/10556/10436/92856/27292/25879/79707/6160/55759/81887/54433/23481/57050/90459/200916/65083/55813/51388/9188/1736/51077/84916/27042/10969/9136"
"R-HSA-72306","tRNA processing",108,-0.546773741651496,-2.16861473700811,3.00499087974197e-08,1.7180258202111e-06,1.26962228095087e-06,6311,"tags=54%, list=28%, signal=39%","10940/116461/339487/283742/54482/9972/55253/1787/8086/80746/23636/23536/348995/5901/51095/54802/11260/9836/23279/51493/91801/79023/51367/8021/129450/5903/113179/10785/54931/84520/10248/10762/25821/79691/10557/55687/80324/57122/63892/54888/10556/54920/4928/53371/2058/54517/90353/348180/1478/79902/4234/8480/55644/81929/23511/115708/129401/10978"
"R-HSA-176187","Activation of ATR in response to replication stress",37,-0.723723449134179,-2.38797895263592,3.72464334612265e-08,2.05848622262379e-06,1.52122275610062e-06,4312,"tags=73%, list=19%, signal=59%","4175/23595/6119/4176/6117/1111/5983/144715/5810/4998/10926/5984/5982/995/4173/3364/8318/5001/23594/84515/5985/5884/6118/63967/990/993/55388"
"R-HSA-191273","Cholesterol biosynthesis",27,-0.768283763936377,-2.31814430503973,9.08071718446538e-08,4.85671906188503e-06,3.58911877851195e-06,1473,"tags=44%, list=7%, signal=42%","4597/6307/51478/39/1717/1718/4598/10682/1595/3157/6713/4047"
"R-HSA-73894","DNA Repair",332,-0.386388776058612,-1.77841903407027,1.10406449385224e-07,5.72043415877191e-06,4.22740483830265e-06,4970,"tags=37%, list=22%, signal=29%","142/7353/64858/2074/9716/7517/221120/378708/7486/2967/9031/4968/8451/9557/146956/328/55215/7515/3980/10401/51008/10038/7316/5431/124739/56949/8338/5433/2187/11200/55666/79068/2956/9025/6119/57461/79840/6117/1111/675/5983/144715/5981/670/83695/56852/10450/2068/7520/79728/5591/5810/8505/23583/7374/79184/672/55766/54617/102724334/5425/8335/902/7507/7329/6996/5984/51514/7156/27339/1069/5892/5982/57697/2189/7415/8365/86/5890/79913/55247/4436/1763/2175/7468/2072/3364/91442/3014/2965/165918/10920/29089/8914/9768/54962/54936/5985/3838/10987/63979/128312/9156/83990/10635/8533/5437/5884/5932/9937/1022/5427/6118/63967/2547/9577/7518/55732/5435/2237/54107/8334"
"R-HSA-6791226","Major pathway of rRNA processing in the nucleolus and cytosol",183,-0.452655322520381,-1.95586641031992,1.20112687572959e-07,6.03475260593836e-06,4.45968639026871e-06,4668,"tags=32%, list=21%, signal=26%","134430/51118/6191/6133/84135/23160/116832/51121/6123/4809/8568/81875/10528/10200/11056/10813/56915/55781/54555/10199/51013/23517/27340/55272/84946/25926/9277/10557/55127/56902/23246/51602/88745/57647/51010/51096/114049/10885/10556/10436/92856/25879/79707/6160/55759/81887/23481/57050/90459/200916/65083/55813/51388/9188/51077/84916/27042/10969/9136"
"R-HSA-6794361","Neurexins and neuroligins",55,0.654620231952348,2.23335790541254,1.88681504594248e-07,9.20099807697834e-06,6.79954400457291e-06,3532,"tags=49%, list=16%, signal=42%","22829/58512/8573/8825/2904/2902/9378/80059/54413/57502/57669/22941/9229/1742/9456/9369/22839/2903/2906/320/1741/57555/347731/50944/57596/1740/91683"
"R-HSA-68962","Activation of the pre-replicative complex",33,-0.723108647170526,-2.29412761590426,2.0829676064889e-07,9.86731511873885e-06,7.29195276376866e-06,4312,"tags=67%, list=19%, signal=54%","4175/23595/6119/4176/6117/23649/4998/10926/81620/4173/5557/8318/5001/23594/84515/5558/5427/6118/990/55388/54107/51053"
"R-HSA-191859","snRNP Assembly",53,-0.642049220767535,-2.27083789248732,2.30567717437321e-07,1.03319263651643e-05,7.63530079934684e-06,4776,"tags=55%, list=21%, signal=43%","6637/348995/22916/23279/79023/8021/50628/5903/25929/6634/8487/6632/1207/10762/11218/6628/57122/79760/79084/4928/53371/79902/8480/79833/81929/23511/6606/6607/129401"
"R-HSA-194441","Metabolism of non-coding RNA",53,-0.642049220767535,-2.27083789248732,2.30567717437321e-07,1.03319263651643e-05,7.63530079934684e-06,4776,"tags=55%, list=21%, signal=43%","6637/348995/22916/23279/79023/8021/50628/5903/25929/6634/8487/6632/1207/10762/11218/6628/57122/79760/79084/4928/53371/79902/8480/79833/81929/23511/6606/6607/129401"
"R-HSA-9907900","Proteasome assembly",52,-0.636804642819254,-2.24335112578203,3.01069491054564e-07,1.31361372675912e-05,9.70761461461253e-06,3835,"tags=56%, list=17%, signal=46%","5694/5707/11047/5719/5700/5718/5710/56984/5690/5695/5704/5689/5709/5692/5685/5687/84262/5682/5708/10197/5686/5701/143471/5717/5684/23198/10213/5711/5691"
"R-HSA-69190","DNA strand elongation",32,-0.712072917808368,-2.24930138825927,3.99340580525599e-07,1.69770944233703e-05,1.25460846351362e-05,4312,"tags=72%, list=19%, signal=58%","4175/84296/6119/4176/6117/5983/5981/23649/5425/5984/5982/4173/1763/5557/8318/84515/5985/51659/5558/9837/6118/64785/2237"
"R-HSA-350562","Regulation of ornithine decarboxylase (ODC)",38,-0.68014966419054,-2.25078435125912,4.3561913942193e-07,1.8056413329039e-05,1.33437020601875e-05,4928,"tags=71%, list=22%, signal=56%","5688/5683/51686/5694/5707/11047/5719/5700/5718/5690/5695/5704/5689/5709/5692/5685/5687/5682/5708/5686/5701/5717/1728/5684/10213/5691/4953"
"R-HSA-176409","APC/C:Cdc20 mediated degradation of mitotic proteins",62,-0.6030238086399,-2.18148162347417,4.56111577883358e-07,1.84447072226977e-05,1.36306515187735e-05,5023,"tags=58%, list=22%, signal=45%","890/9184/5688/5683/7316/9232/5694/5707/8697/11047/5719/8881/891/5700/5718/5690/5695/5704/991/5689/5709/5692/5685/5687/51529/5682/5708/5686/5701/983/5717/11065/5684/10213/7321/5691"
"R-HSA-453274","Mitotic G2-G2/M phases",192,-0.436205650050475,-1.89386590925813,4.95108259109629e-07,1.95449879429468e-05,1.44437597394388e-05,5023,"tags=45%, list=22%, signal=35%","890/8655/5688/55125/5683/80184/63943/54801/10383/3161/51807/79866/7283/3326/7316/7514/132660/22994/5694/5707/9738/11047/114791/5719/81027/80254/121441/9662/51512/891/79596/5700/151648/5718/7278/5690/5695/5520/1871/5704/10733/55355/286826/5689/5709/5692/5685/84790/4605/5687/902/4957/1069/5682/5708/84131/5686/995/5577/10426/22974/5701/93323/51451/1869/55142/29922/79861/983/22897/9133/5717/9088/5684/23354/6790/90381/10213/10376/7532/5691/1022/440145/993/10121/7465"
"R-HSA-2500257","Resolution of Sister Chromatid Cohesion",126,-0.487134733733932,-1.99294959494963,5.44009840125322e-07,2.09760073239019e-05,1.55012840613433e-05,4480,"tags=41%, list=20%, signal=33%","10383/3619/51807/23279/7514/10403/10274/79023/81027/54908/891/5903/55869/151648/5905/7278/699/6249/991/84790/11243/9183/55143/83540/8243/332/1780/57122/79019/79861/10726/983/23421/1058/9133/4928/11004/23244/55920/2491/79902/10376/81929/113130/55055/11130/55732/55166/54821/79980/79682/220134"
"R-HSA-69601","Ubiquitin Mediated Degradation of Phosphorylated Cdc25A",39,-0.673827487235112,-2.25507847847756,6.92609779514008e-07,2.49640655311788e-05,1.84484618616546e-05,4093,"tags=72%, list=18%, signal=59%","5688/5683/7316/5694/11200/5707/11047/5719/1111/5700/5718/5690/5695/5704/5689/5709/5692/5685/5687/5682/5708/5686/5701/5717/5684/10213/5691/993"
"R-HSA-69610","p53-Independent DNA Damage Response",39,-0.673827487235112,-2.25507847847756,6.92609779514008e-07,2.49640655311788e-05,1.84484618616546e-05,4093,"tags=72%, list=18%, signal=59%","5688/5683/7316/5694/11200/5707/11047/5719/1111/5700/5718/5690/5695/5704/5689/5709/5692/5685/5687/5682/5708/5686/5701/5717/5684/10213/5691/993"
"R-HSA-69613","p53-Independent G1/S DNA damage checkpoint",39,-0.673827487235112,-2.25507847847756,6.92609779514008e-07,2.49640655311788e-05,1.84484618616546e-05,4093,"tags=72%, list=18%, signal=59%","5688/5683/7316/5694/11200/5707/11047/5719/1111/5700/5718/5690/5695/5704/5689/5709/5692/5685/5687/5682/5708/5686/5701/5717/5684/10213/5691/993"
"R-HSA-162909","Host Interactions of HIV factors",117,-0.499980653329769,-2.01804870255047,7.25465823515221e-07,2.55919645827284e-05,1.89124796992546e-05,4928,"tags=45%, list=22%, signal=36%","5688/5683/10053/348995/5901/23279/7316/7514/3159/8907/164/5694/79023/8021/5707/11047/5719/5903/5700/5905/5718/5690/5695/5704/5689/5709/5692/5685/5687/10762/5682/5708/926/5686/57122/5701/4928/5717/53371/4869/5902/5684/79902/10213/8480/1104/5691/3055/81929/23511/919/129401/1174"
"R-HSA-72172","mRNA Splicing",215,-0.418194007998161,-1.84253122278206,7.91894019403362e-07,2.73533392535578e-05,2.02141368110858e-05,6763,"tags=47%, list=30%, signal=34%","26017/11066/8559/51729/5438/5511/51593/6631/8683/51503/11325/7307/102724594/10907/55749/6626/3183/27258/3188/79622/55110/51691/9416/6426/54883/84811/24144/10772/10285/55696/7919/9716/5093/6637/79171/10291/22916/26121/6428/58509/5431/10713/8449/24148/56949/5433/22826/4809/6629/3185/56259/57461/55094/4236/10992/10081/55954/10450/51639/988/10283/6432/6431/5356/9092/9343/84950/6634/8896/85437/6632/22985/23517/23020/6427/6936/27339/5546/6628/10465/9128/5725/79753/51340/22938/51645/6625/5094/84844/83443/10286/55100/163859/9410/10946/5437/85313/10179/23658/3312/57819/5435"
"R-HSA-69017","CDK-mediated phosphorylation and removal of Cdc6",59,-0.613172287781957,-2.18526003644203,8.2026988103232e-07,2.77552543418691e-05,2.05111523420327e-05,4093,"tags=53%, list=18%, signal=43%","7316/5694/5707/8697/11047/5719/8881/5700/5718/5690/5695/5704/5689/5709/5692/5685/898/5687/51529/5682/5708/5686/5701/5717/11065/9134/5684/10213/7321/5691/990"
"R-HSA-174154","APC/C:Cdc20 mediated degradation of Securin",54,-0.622333514364352,-2.20435878485535,8.91989921524766e-07,2.89984174487855e-05,2.14298507462297e-05,4093,"tags=56%, list=18%, signal=46%","7316/9232/5694/5707/8697/11047/5719/8881/5700/5718/5690/5695/5704/991/5689/5709/5692/5685/5687/51529/5682/5708/5686/5701/5717/11065/5684/10213/7321/5691"
"R-HSA-69202","Cyclin E associated events during G1/S transition",73,-0.565601295885249,-2.1144261316145,8.79118832103318e-07,2.89984174487855e-05,2.14298507462297e-05,4093,"tags=51%, list=18%, signal=42%","7316/132660/6502/4609/5694/5707/11047/5719/5700/5718/5690/5695/5704/286826/5689/5709/5692/5685/898/7027/5687/902/1019/5682/5708/5686/5701/1869/5717/9134/5684/10213/1163/5691/1022/993/7465"
"R-HSA-69275","G2/M Transition",190,-0.430788847900525,-1.86368240584857,9.92125116450567e-07,3.16335277514431e-05,2.33771991001713e-05,5023,"tags=44%, list=22%, signal=35%","890/8655/5688/55125/5683/80184/63943/54801/10383/3161/51807/79866/7283/3326/7316/7514/132660/22994/5694/5707/9738/11047/114791/5719/81027/80254/121441/9662/51512/891/79596/5700/151648/5718/7278/5690/5695/5520/5704/10733/55355/286826/5689/5709/5692/5685/84790/4605/5687/902/4957/1069/5682/5708/84131/5686/995/5577/10426/22974/5701/93323/51451/55142/29922/79861/983/22897/9133/5717/9088/5684/23354/6790/90381/10213/10376/7532/5691/1022/440145/993/10121/7465"
"R-HSA-179419","APC:Cdc20 mediated degradation of cell cycle proteins prior to satisfation of the cell cycle checkpoint",60,-0.596691393696643,-2.13993049430044,1.13447341646979e-06,3.54897532925834e-05,2.62269524681398e-05,5023,"tags=57%, list=22%, signal=44%","890/9184/5688/5683/7316/5694/5707/8697/11047/5719/8881/5700/5718/5690/5695/5704/991/5689/5709/5692/5685/5687/51529/5682/5708/5686/5701/983/5717/11065/5684/10213/7321/5691"
"R-HSA-174178","APC/C:Cdh1 mediated degradation of Cdc20 and other APC/C:Cdh1 targeted proteins in late mitosis/early G1",60,-0.595304542580565,-2.13495679260857,1.24887152783577e-06,3.83449813546611e-05,2.83369680000162e-05,4093,"tags=53%, list=18%, signal=44%","7316/6502/9232/5694/5707/8697/11047/5719/8881/5700/5718/5690/5695/5704/991/5689/5709/5692/5685/5687/51529/5682/5708/5686/5701/5717/11065/5684/6790/10213/7321/5691"
"R-HSA-68867","Assembly of the pre-replicative complex",127,-0.479894389216605,-1.965268359131,1.32933393915205e-06,4.00733758384382e-05,2.96142527305835e-05,4093,"tags=36%, list=18%, signal=30%","7316/23595/8338/5694/5707/8697/11047/4176/5719/8881/5700/5718/5690/5695/5704/5689/5709/5692/4998/5685/55766/102724334/5687/8335/81620/51529/5682/5708/5686/8365/4173/5701/3014/5717/5001/11065/23594/5684/84515/10213/128312/7321/5691/990/51053/8334"
"R-HSA-176814","Activation of APC/C and APC/C:Cdc20 mediated degradation of mitotic proteins",63,-0.587074164710067,-2.12943980063181,1.676149829723e-06,4.79147658220816e-05,3.54090454046746e-05,5023,"tags=57%, list=22%, signal=45%","890/9184/5688/5683/7316/9232/5694/5707/8697/11047/5719/8881/891/5700/5718/5690/5695/5704/991/5689/5709/5692/5685/5687/51529/5682/5708/5686/5701/983/5717/11065/5684/10213/7321/5691"
"R-HSA-69656","Cyclin A:Cdk2-associated events at S phase entry",75,-0.556181699647966,-2.10234525026683,1.61859962097715e-06,4.79147658220816e-05,3.54090454046746e-05,4093,"tags=49%, list=18%, signal=41%","7316/132660/6502/4609/5694/5707/11047/5719/5700/5718/5690/5695/5704/286826/5689/5709/5692/5685/898/7027/5687/902/1019/5682/5708/5686/5701/1869/5717/9134/5684/10213/1163/5691/1022/993/7465"
"R-HSA-112315","Transmission across Chemical Synapses",268,0.407478293214263,1.77799673435735,1.66661364088727e-06,4.79147658220816e-05,3.54090454046746e-05,4253,"tags=33%, list=19%, signal=27%","43/140679/8573/3766/3761/5595/8825/6196/4905/2904/6572/2902/80852/57030/2892/6511/9254/2555/9647/6507/815/1103/2770/10382/2901/2899/5582/1141/10815/1742/2771/2569/27165/782/9568/2897/3773/22999/217/59283/7102/5573/112714/785/808/88/6616/6853/2782/4747/817/2903/2906/6571/4900/5330/115/773/816/6854/6531/1739/320/111/774/1741/3265/112/10497/84617/2571/784/9256/108/8497/1740/23229/107/1134/6844/2743/60482/27020/3765/4193/347733/89832/161/6812"
"R-HSA-174184","Cdc20:Phospho-APC/C mediated degradation of Cyclin A",59,-0.605202352274953,-2.15685630407592,1.72576952251066e-06,4.84970486156384e-05,3.5839352795761e-05,5023,"tags=58%, list=22%, signal=45%","890/9184/5688/5683/7316/5694/5707/8697/11047/5719/8881/5700/5718/5690/5695/5704/991/5689/5709/5692/5685/5687/51529/5682/5708/5686/5701/983/5717/11065/5684/10213/7321/5691"
"R-HSA-450408","AUF1 (hnRNP D0) binds and destabilizes mRNA",42,-0.642993085176582,-2.18414650879901,2.27307014520748e-06,6.28125050125668e-05,4.64184850705528e-05,4093,"tags=62%, list=18%, signal=51%","7316/5694/5707/11047/5719/3303/1981/5700/5718/5690/5695/5704/5689/5709/5692/5685/5687/5682/5708/5686/5701/5717/5684/10213/5691/3312"
"R-HSA-351202","Metabolism of polyamines",46,-0.626655717992312,-2.1740793358323,2.36981597490099e-06,6.44123751866531e-05,4.76007902465013e-05,5008,"tags=65%, list=22%, signal=51%","79814/5688/5683/51686/5694/5707/11047/5719/5700/5718/5690/5695/5704/5689/5709/5692/5685/5687/5682/5708/5686/5701/6723/262/5717/1728/5684/10213/5691/4953"
"R-HSA-162587","HIV Life Cycle",149,-0.445888032104407,-1.87087140889713,2.54123859802343e-06,6.79576386374653e-05,5.02207424125513e-05,5864,"tags=44%, list=26%, signal=33%","904/6882/9972/51497/8086/6877/137492/23636/51534/9525/6883/2967/348995/25978/5901/22916/7936/23279/100526767/7316/5431/7514/10015/3159/5433/79023/8021/6873/6749/2957/5903/8731/2068/7520/54457/5905/902/92421/10762/9150/55048/6878/57122/2960/2965/4928/53371/51616/1234/5902/79902/8480/1104/5437/6880/1022/81929/23511/2547/7518/129401/6924/5435/2237/5045"
"R-HSA-72163","mRNA Splicing - Major Pathway",207,-0.41565554844487,-1.8239883031358,2.65877852398882e-06,6.99722982979915e-05,5.17095773086547e-05,6361,"tags=44%, list=28%, signal=32%","6631/8683/51503/11325/7307/102724594/10907/55749/6626/3183/27258/3188/55110/51691/9416/6426/54883/84811/24144/10772/10285/55696/7919/9716/5093/6637/79171/10291/22916/26121/6428/58509/5431/10713/8449/24148/56949/5433/22826/4809/6629/3185/56259/57461/55094/4236/10992/10450/51639/988/10283/6432/6431/5356/9092/9343/84950/6634/8896/6632/22985/23517/23020/6427/6936/27339/5546/6628/10465/9128/5725/79753/51340/22938/51645/6625/5094/84844/83443/10286/55100/163859/9410/10946/5437/85313/10179/23658/3312/57819/5435"
"R-HSA-69618","Mitotic Spindle Checkpoint",111,-0.488507853369881,-1.9521295985377,3.2726083482716e-06,8.47810100224112e-05,6.26532256149366e-05,5476,"tags=44%, list=24%, signal=34%","64682/1063/79003/5515/9184/8655/378708/348995/3619/23279/7514/10403/79023/8697/8881/54908/5903/151648/5905/699/6249/991/11243/9183/55143/83540/51529/332/1780/57122/79019/10726/23421/1058/4928/11004/55920/11065/2491/79902/7321/81929/55055/11130/55166/54821/79980/79682/220134"
"R-HSA-5362768","Hh mutants are degraded by ERAD",43,-0.640263547525482,-2.19200413851844,4.77561746824309e-06,0.000121814980959185,9.00213560005662e-05,4093,"tags=60%, list=18%, signal=50%","7316/5694/5707/11047/5719/5700/5718/5690/5695/5704/5689/5709/5692/5685/5687/5682/5708/7415/5686/5701/5717/51009/5684/10213/5691/27248"
"R-HSA-3371453","Regulation of HSF1-mediated heat shock response",68,-0.558530934080598,-2.05447456817205,5.18324159430915e-06,0.00013020931156613,9.62247721814331e-05,4369,"tags=46%, list=19%, signal=37%","51501/23279/27000/79023/3337/8021/6119/6117/5903/3303/6767/3313/51182/91582/6782/10762/57122/4928/53371/5594/3309/79902/8480/10808/81929/6118/23511/9532/129401/3312/3305"
"R-HSA-6784531","tRNA processing in the nucleus",57,-0.579932928528924,-2.06385648109278,5.5290008701667e-06,0.000136822140936364,0.000101111657704227,6311,"tags=56%, list=28%, signal=41%","10940/116461/339487/283742/9972/8086/80746/23636/348995/5901/51095/11260/23279/51493/79023/51367/8021/5903/10248/10762/10557/57122/10556/4928/53371/1478/79902/8480/81929/23511/129401/10978"
"R-HSA-174084","Autodegradation of Cdh1 by Cdh1:APC/C",53,-0.602347794994589,-2.13041952717383,5.96613137095869e-06,0.00014546832078014,0.000107501190646996,4093,"tags=53%, list=18%, signal=43%","7316/5694/5707/8697/11047/5719/8881/5700/5718/5690/5695/5704/5689/5709/5692/5685/5687/51529/5682/5708/5686/5701/5717/11065/5684/10213/7321/5691"
"R-HSA-75815","Ubiquitin-dependent degradation of Cyclin D",39,-0.641008125390277,-2.14524289299657,6.46494970102113e-06,0.000155346182670913,0.000114800937482664,4093,"tags=67%, list=18%, signal=55%","5688/5683/7316/5694/5707/11047/5719/5700/5718/5690/5695/5704/5689/5709/5692/5685/5687/1019/5682/5708/5686/5701/5717/5684/10213/5691"
"R-HSA-165054","Rev-mediated nuclear export of HIV RNA",34,-0.672458905933968,-2.15906477099657,6.77097933215348e-06,0.000160375481895864,0.000118517593122205,5780,"tags=65%, list=26%, signal=48%","9972/8086/23636/348995/5901/23279/7514/79023/8021/5903/5905/10762/57122/4928/53371/5902/79902/8480/1104/81929/23511/129401"
"R-HSA-5678895","Defective CFTR causes cystic fibrosis",48,-0.60564347376727,-2.11993643100599,7.43689541032412e-06,0.000173667219581935,0.000128340196554741,4928,"tags=62%, list=22%, signal=49%","5688/5683/91445/7316/5694/5707/11047/5719/5700/5718/5690/5695/5704/5689/5709/5692/5685/5687/5682/5708/7415/5686/5701/5717/51009/5684/10213/5691/27248/10613"
"R-HSA-1236978","Cross-presentation of soluble exogenous antigens (endosomes)",41,-0.626128206040114,-2.11567308200986,7.83231960594175e-06,0.000180360915370159,0.000133286842416903,4928,"tags=61%, list=22%, signal=48%","5688/5683/2209/5694/5707/11047/5719/5700/5718/5690/5695/5704/5689/5709/5692/5685/5687/5682/5708/5686/5701/5717/5684/10213/5691"
"R-HSA-177243","Interactions of Rev with host cellular proteins",36,-0.66331130269936,-2.17316416689781,8.17240062064132e-06,0.000185614249712648,0.000137169060164766,5780,"tags=67%, list=26%, signal=50%","3837/9972/8086/23636/348995/5901/23279/7514/79023/8021/5903/5905/10762/57122/4928/53371/4869/5902/79902/8480/1104/81929/23511/129401"
"R-HSA-349425","Autodegradation of the E3 ubiquitin ligase COP1",39,-0.634898446756628,-2.12479581261151,9.30326840458839e-06,0.000208443500200102,0.00015403989221822,4928,"tags=64%, list=22%, signal=50%","5688/5683/7316/5694/5707/11047/5719/5700/5718/5690/5695/5704/5689/5709/5692/5685/5687/5682/5708/5686/5701/5717/5684/10213/5691"
"R-HSA-9759194","Nuclear events mediated by NFE2L2",87,-0.510942476379553,-1.9473285824842,9.4931310250902e-06,0.000209861483194661,0.000155087782641474,4418,"tags=46%, list=20%, signal=37%","5226/571/7316/4609/5694/5707/11047/5719/374/5700/5718/5690/5695/5704/5689/5709/5692/5685/2730/5687/7295/5682/5708/5686/5052/4199/5701/23657/2936/5717/1728/5684/9817/10213/5691/4780/8878/140809/7086/9429"
"R-HSA-211733","Regulation of activated PAK-2p34 by proteasome mediated degradation",37,-0.651747815084442,-2.15049003415605,1.02258865370659e-05,0.000223085787874411,0.000164860553035245,4928,"tags=68%, list=22%, signal=53%","5688/5683/7316/5694/5707/11047/5719/5700/5718/5690/5695/5704/5689/5709/5692/5685/5687/5682/5708/5686/5701/5717/5684/10213/5691"
"R-HSA-5663220","RHO GTPases Activate Formins",139,-0.446178312612723,-1.85952851294283,1.03796563909266e-05,0.000223499614235796,0.000165166371005312,5002,"tags=42%, list=22%, signal=33%","347688/1063/79003/5515/9184/8655/1729/378708/348995/10383/3619/51807/23279/7514/10403/79023/81027/54908/5903/151648/5905/7278/699/6249/991/84790/11243/9183/55143/83540/387/57591/332/1780/57122/114793/79019/79861/10726/3688/23421/1058/4928/11004/1855/55920/2491/79902/10376/29984/81929/55055/11130/55166/54821/79980/79682/220134"
"R-HSA-169911","Regulation of Apoptosis",40,-0.633120088575373,-2.13449114271061,1.17348153824904e-05,0.000245268736147246,0.000181253767300739,4928,"tags=65%, list=22%, signal=51%","5688/5683/4976/7316/5694/5707/11047/5719/5700/5718/5690/5695/5704/5689/5709/5692/5685/5687/5682/5708/5686/5701/5717/5684/10213/5691"
"R-HSA-5676590","NIK-->noncanonical NF-kB signaling",46,-0.606298015148032,-2.10345162143026,1.18344384148249e-05,0.000245268736147246,0.000181253767300739,4093,"tags=59%, list=18%, signal=48%","7316/5694/5707/11047/5719/5971/5700/5718/5690/5695/5704/5689/5709/5692/5685/5687/5682/5708/5686/9039/5701/1147/9020/5717/5684/10213/5691"
"R-HSA-9932298","Degradation of CRY and PER proteins",48,-0.597405137970345,-2.09109974912428,1.17605496267502e-05,0.000245268736147246,0.000181253767300739,4093,"tags=56%, list=18%, signal=46%","7316/5694/5707/11047/5719/8864/5700/5718/5690/5695/5704/5689/5709/5692/5685/26224/5687/5682/5708/5686/5701/1408/5717/5684/10213/7321/5691"
"R-HSA-5387390","Hh mutants abrogate ligand secretion",46,-0.605372147873924,-2.1002394766264,1.19851935663004e-05,0.000245326554727483,0.000181296495271913,4093,"tags=57%, list=18%, signal=46%","7316/5694/5707/11047/5719/5700/5718/5690/5695/5704/5689/5709/5692/5685/5687/5682/5708/7415/5686/5701/5717/51009/5684/10213/5691/27248"
"R-HSA-168274","Export of Viral Ribonucleoproteins from Nucleus",32,-0.66237541527016,-2.09231653648838,1.2189060115833e-05,0.000246027761755891,0.000181814687755608,5780,"tags=62%, list=26%, signal=47%","9972/8086/23636/348995/5901/23279/7514/79023/8021/5903/3303/10762/57122/4928/53371/79902/8480/81929/23511/129401"
"R-HSA-174143","APC/C-mediated degradation of cell cycle proteins",74,-0.527415596025988,-1.98275771070028,1.24646151914927e-05,0.000246027761755891,0.000181814687755608,5023,"tags=53%, list=22%, signal=41%","890/9184/5688/5683/7316/6502/9232/5694/5707/8697/11047/5719/8881/891/5700/5718/5690/5695/5704/991/5689/5709/5692/5685/5687/51529/5682/5708/5686/5701/983/26271/5717/11065/5684/6790/10213/7321/5691"
"R-HSA-453276","Regulation of mitotic cell cycle",74,-0.527415596025988,-1.98275771070028,1.24646151914927e-05,0.000246027761755891,0.000181814687755608,5023,"tags=53%, list=22%, signal=41%","890/9184/5688/5683/7316/6502/9232/5694/5707/8697/11047/5719/8881/891/5700/5718/5690/5695/5704/991/5689/5709/5692/5685/5687/51529/5682/5708/5686/5701/983/26271/5717/11065/5684/6790/10213/7321/5691"
"R-HSA-176408","Regulation of APC/C activators between G1/S and early anaphase",67,-0.544224307969722,-1.99651096429524,1.36113638680111e-05,0.000265501662272499,0.000196205913837336,5023,"tags=54%, list=22%, signal=42%","890/9184/5688/5683/7316/5694/5707/8697/11047/5719/8881/891/5700/5718/5690/5695/5704/991/5689/5709/5692/5685/5687/51529/5682/5708/5686/5701/983/26271/5717/11065/5684/10213/7321/5691"
"R-HSA-73886","Chromosome Maintenance",137,-0.444859732172087,-1.84511674504789,1.46289803982381e-05,0.000282033133724172,0.000208422682785179,4176,"tags=33%, list=18%, signal=27%","54921/5431/5931/8338/5433/6119/6117/5983/5981/7015/23649/1616/55355/55766/54069/102724334/5425/8335/5984/5982/8365/79075/79019/1763/5557/23421/11339/3014/1058/4869/2491/5985/54433/128312/5437/5558/55164/6118/1736/55135/55166/5435/2237/79682/8334"
"R-HSA-5576891","Cardiac conduction",131,0.469806817673429,1.87528708147025,1.60475718181868e-05,0.000305826138787973,0.00022600573014361,3032,"tags=34%, list=13%, signal=29%","53822/3750/3761/59285/5348/482/6330/9254/6324/481/3752/815/6326/6543/59284/491/55800/4842/2258/54207/6327/782/6261/204851/4880/59283/6328/6547/4881/3767/808/53826/817/487/6910/816/844/478/30820/50801/3777/9992/3757/5349"
"R-HSA-6781827","Transcription-Coupled Nucleotide Excision Repair (TC-NER)",77,-0.520920719962034,-1.97280767824044,1.71610743395559e-05,0.000323330241533906,0.000238941274297166,4900,"tags=45%, list=22%, signal=36%","2074/9716/2967/8451/7515/3980/7316/5431/56949/5433/6119/57461/6117/5983/5981/10450/2068/5425/902/7507/5984/27339/5982/2072/2965/10920/5985/10987/8533/5437/1022/5427/6118/5435/54107"
"R-HSA-162599","Late Phase of HIV Life Cycle",136,-0.433900698609938,-1.79640777370704,1.77381148144975e-05,0.00033044712766783,0.000244200658120344,6061,"tags=45%, list=27%, signal=33%","8178/4836/904/6882/9972/51497/8086/6877/137492/23636/51534/9525/6883/2967/348995/25978/5901/22916/7936/23279/100526767/7316/5431/7514/10015/5433/79023/8021/6873/6749/2957/5903/8731/2068/54457/5905/902/92421/10762/9150/55048/6878/57122/2960/2965/4928/53371/51616/5902/79902/8480/1104/5437/6880/1022/81929/23511/129401/6924/5435/5045"
"R-HSA-5576892","Phase 0 - rapid depolarisation",34,0.659326749633498,2.05137145247047,1.95264237225057e-05,0.000359720117021272,0.000265833417695867,2260,"tags=47%, list=10%, signal=42%","59285/6330/9254/6324/815/6326/59284/55800/2258/6327/782/59283/6328/808/817/816"
"R-HSA-9604323","Negative regulation of NOTCH4 signaling",44,-0.61839336468043,-2.12355378474506,1.98901066326425e-05,0.000362393371394739,0.000267808954544776,4093,"tags=61%, list=18%, signal=50%","5688/5683/7316/7534/5694/5707/11047/5719/5700/10460/5718/5690/5695/5704/5689/5709/5692/5685/5687/5682/5708/5686/5701/5717/5684/10213/5691"
"R-HSA-5693532","DNA Double-Strand Break Repair",168,-0.408788976596003,-1.74433090287838,2.01173496541564e-05,0.000362549627462948,0.000267924427888307,3669,"tags=30%, list=16%, signal=26%","9025/6119/79840/6117/1111/675/5983/144715/5981/83695/7520/79728/5591/5810/79184/672/102724334/5425/7329/5984/7156/5892/5982/8365/5890/1763/7468/2072/3364/3014/165918/8914/54962/5985/3838/63979/128312/9156/83990/10635/5884/5932/5427/6118/63967/2547/9577/7518/55732/2237/54107"
"R-HSA-1474244","Extracellular matrix organization",320,0.365692805087869,1.61787163944144,2.04728727380653e-05,0.000364989494620561,0.000269727491421709,4681,"tags=32%, list=21%, signal=26%","84467/4811/8573/1511/11096/633/826/1281/655/3910/5155/4054/4324/23127/9378/222663/652/3691/8076/176/6444/3696/1298/11117/1301/1278/3679/56999/3371/7373/2247/7040/4326/827/780/4312/5654/50859/30008/4015/2331/4323/3911/136227/1463/8425/3791/1404/50509/80781/726/6641/7092/4321/58/1295/2244/2200/7177/6442/7837/1634/2201/3674/3913/6645/6383/2/6640/2199/1310/1291/22801/5663/650/8910/1294/7077/5650/3655/4680/1311/3680/823/7448/7143/4313/3817/5154/5118/1088/1290/1504/9672/9509/8082/7093/5340/682/440387/101/5802/59277"
"R-HSA-446203","Asparagine N-linked glycosylation",309,-0.352535412558002,-1.61041737271555,2.35337024691553e-05,0.000415094454189994,0.000306755091535238,5305,"tags=36%, list=23%, signal=28%","10402/84061/22818/4253/8704/55860/7844/10282/830/821/8655/5265/91445/25834/79868/8818/4758/254263/10383/51807/6482/23256/4121/1650/7316/8729/10959/89866/1798/267/91869/26503/3703/26958/27090/3998/81027/30815/287/10195/829/8790/23423/374/58505/5700/54187/51164/1522/79694/7369/10652/84920/9526/7278/80896/84790/2890/9919/29925/11015/10905/3098/10559/8869/129807/381/7415/51005/79947/27095/1780/8703/378/56886/2923/9554/11014/79861/29926/4597/56052/11196/9945/149111/55757/100302736/51009/8813/10113/9334/54732/90411/64689/64841/10376/26984/6675/6184/55577/128637/85365/10020/10671/6708/5373/10121/10466/4247/81562/10484/55741"
"R-HSA-5607761","Dectin-1 mediated noncanonical NF-kB signaling",47,-0.596011885846985,-2.07878926108949,2.40887562955611e-05,0.000420412188821476,0.000310684901141641,4093,"tags=57%, list=18%, signal=47%","7316/5694/5707/11047/5719/5971/5700/5718/5690/5695/5704/5689/5709/5692/5685/5687/5682/5708/5686/9039/5701/1147/9020/5717/5684/10213/5691"
"R-HSA-4615885","SUMOylation of DNA replication proteins",45,-0.610704657833796,-2.11008099116684,2.49434112563129e-05,0.000427203826243904,0.000315703925939879,5780,"tags=60%, list=26%, signal=45%","9972/8086/51588/23636/7150/348995/3619/10401/23279/79023/8021/5903/5905/55143/7329/10762/332/57122/7153/4928/53371/6790/79902/8480/81929/23511/129401"
"R-HSA-9617324","Negative regulation of NMDA receptor-mediated neuronal transmission",22,0.739136733321415,2.09771226972071,2.52508896091089e-05,0.000427203826243904,0.000315703925939879,2661,"tags=64%, list=12%, signal=56%","2904/2902/9647/815/1742/808/88/4747/817/2903/2906/816/1739/1741"
"R-HSA-180746","Nuclear import of Rev protein",33,-0.654366525399011,-2.07603701423746,2.51027260025297e-05,0.000427203826243904,0.000315703925939879,6115,"tags=64%, list=27%, signal=46%","3837/9972/8086/23636/348995/5901/23279/79023/8021/5903/10762/57122/4928/53371/4869/79902/8480/1104/81929/23511/129401"
"R-HSA-8854050","FBXL7 down-regulates AURKA during mitotic entry and in early mitosis",42,-0.608201301560854,-2.06596428496014,2.61325473321067e-05,0.000429782329432486,0.000317609441596987,4093,"tags=62%, list=18%, signal=51%","5688/5683/7316/5694/5707/11047/5719/5700/5718/5690/5695/5704/5689/5709/5692/5685/5687/5682/5708/5686/5701/5717/5684/6790/10213/5691"
"R-HSA-3232142","SUMOylation of ubiquitinylation proteins",38,-0.620919325980981,-2.0547764350889,2.59219774545469e-05,0.000429782329432486,0.000317609441596987,5780,"tags=53%, list=26%, signal=39%","9972/8086/51588/23636/348995/23279/5987/79023/8021/5903/7329/10762/57122/4928/53371/79902/8480/81929/23511/129401"
"R-HSA-1168372","Downstream signaling events of B Cell Receptor (BCR)",67,-0.533332587655994,-1.95655420619394,2.64401674319141e-05,0.000429782329432486,0.000317609441596987,4093,"tags=48%, list=18%, signal=39%","7316/5694/5707/11047/5719/5534/805/5700/5718/5690/5695/5704/5689/5709/5692/5685/5687/5682/5708/2280/5686/10125/5701/1147/5717/5684/4793/8517/10213/4893/5691/4773"
"R-HSA-450531","Regulation of mRNA stability by proteins that bind AU-rich elements",74,-0.515459984878635,-1.93781197840271,2.62669785622727e-05,0.000429782329432486,0.000317609441596987,5513,"tags=57%, list=24%, signal=43%","5580/54512/23404/5073/5688/7529/5683/7538/7316/7514/7534/5694/8021/5707/11047/5719/55802/3303/1981/5700/5578/5718/5690/5695/56915/5704/5689/5709/5692/5685/51013/5687/5682/5708/5686/5701/51010/5717/5684/10213/5691/3312"
"R-HSA-141424","Amplification of signal from the kinetochores",95,-0.492114213985905,-1.90768357260406,2.7279537826578e-05,0.000434898785735254,0.000321390506377903,5417,"tags=45%, list=24%, signal=35%","1063/79003/5515/9184/8655/378708/348995/3619/23279/7514/10403/79023/54908/5903/151648/5905/699/6249/991/11243/9183/55143/83540/332/1780/57122/79019/10726/23421/1058/4928/11004/55920/2491/79902/81929/55055/11130/55166/54821/79980/79682/220134"
"R-HSA-141444","Amplification  of signal from unattached  kinetochores via a MAD2  inhibitory signal",95,-0.492114213985905,-1.90768357260406,2.7279537826578e-05,0.000434898785735254,0.000321390506377903,5417,"tags=45%, list=24%, signal=35%","1063/79003/5515/9184/8655/378708/348995/3619/23279/7514/10403/79023/54908/5903/151648/5905/699/6249/991/11243/9183/55143/83540/332/1780/57122/79019/10726/23421/1058/4928/11004/55920/2491/79902/81929/55055/11130/55166/54821/79980/79682/220134"
"R-HSA-9675136","Diseases of DNA Double-Strand Break Repair",41,-0.606355702819744,-2.0488622397195,2.85798112230894e-05,0.000447031386866813,0.00033035650708715,3627,"tags=56%, list=16%, signal=47%","6119/6117/675/5983/144715/83695/79728/5810/672/5984/7156/5892/5982/5890/1763/3364/5985/9156/83990/10635/5884/5932/6118"
"R-HSA-9701190","Defective homologous recombination repair (HRR) due to BRCA2 loss of function",41,-0.606355702819744,-2.0488622397195,2.85798112230894e-05,0.000447031386866813,0.00033035650708715,3627,"tags=56%, list=16%, signal=47%","6119/6117/675/5983/144715/83695/79728/5810/672/5984/7156/5892/5982/5890/1763/3364/5985/9156/83990/10635/5884/5932/6118"
"R-HSA-69186","Lagging Strand Synthesis",20,-0.737124382272456,-2.11320422680551,2.9287198599428e-05,0.000453814722222912,0.000335369396652574,3627,"tags=70%, list=16%, signal=59%","6119/6117/5983/5981/23649/5425/5984/5982/1763/5557/5985/5558/6118/2237"
"R-HSA-69541","Stabilization of p53",44,-0.6101571386267,-2.09527070473909,3.26528447157255e-05,0.000501281634617342,0.000370447478061448,4093,"tags=59%, list=18%, signal=48%","5688/5683/7316/5694/11200/5707/11047/5719/5700/5718/5690/5695/5704/5689/5709/5692/5685/5687/5682/5708/5686/5701/5717/5684/10213/5691"
"R-HSA-2980766","Nuclear Envelope Breakdown",52,-0.568288536428532,-2.00198089373513,3.43231248367444e-05,0.000518490202028899,0.000383164621396507,3765,"tags=40%, list=17%, signal=34%","79023/8021/891/5903/2010/5578/10762/4001/221496/57122/983/9133/4928/53371/79902/8480/23175/81929/23511/255919/129401"
"R-HSA-1268020","Mitochondrial protein import",65,-0.535469187413078,-1.95555044410581,3.43992293264046e-05,0.000518490202028899,0.000383164621396507,4934,"tags=52%, list=22%, signal=41%","26521/4580/26515/54927/388753/80273/90639/29090/51142/56942/79145/51025/26520/131118/7416/3313/3329/100188893/10469/56993/401505/51287/150274/26517/134266/9868/1678/617/10440/10165/131474/10452/26519/100287932"
"R-HSA-168333","NEP/NS2 Interacts with the Cellular Export Machinery",31,-0.659436077931069,-2.06690347854012,3.6178379980753e-05,0.000540394180253049,0.000399351676601199,5780,"tags=61%, list=26%, signal=46%","9972/8086/23636/348995/5901/23279/7514/79023/8021/5903/10762/57122/4928/53371/79902/8480/81929/23511/129401"
"R-HSA-6782135","Dual incision in TC-NER",64,-0.540377675342194,-1.96690874619175,3.71685243094636e-05,0.000550226904509738,0.000406618066693756,4900,"tags=47%, list=22%, signal=37%","2074/9716/2967/8451/7316/5431/56949/5433/6119/57461/6117/5983/5981/10450/2068/5425/902/7507/5984/27339/5982/2072/2965/5985/5437/1022/5427/6118/5435/54107"
"R-HSA-8948751","Regulation of PTEN stability and activity",56,-0.5495065996674,-1.96285643827018,3.87377600696891e-05,0.000568382355712783,0.000420034957811999,5089,"tags=57%, list=23%, signal=44%","4734/23608/5688/5683/1457/7316/5987/5694/5707/11047/5719/5700/5718/5690/5695/5704/5689/5709/5692/5685/5687/5682/5708/11060/5686/5701/80351/5717/5684/331/10213/5691"
"R-HSA-168276","NS1 Mediated Effects on Host Pathways",40,-0.610329022727642,-2.05765370055271,4.18990933067853e-05,0.000609374532479386,0.000450328205070158,3765,"tags=50%, list=17%, signal=42%","9972/8086/23636/348995/23279/79023/8021/5903/10762/57122/4928/53371/79902/3838/3841/8480/81929/23511/129401/402569"
"R-HSA-159230","Transport of the SLBP Dependant Mature mRNA",35,-0.622410490951786,-2.01357810114302,4.86273036403824e-05,0.000695035081342707,0.000513631410502769,5780,"tags=54%, list=26%, signal=40%","9972/8086/23636/7884/348995/22916/23279/79023/8021/5903/10762/57122/4928/53371/79902/8480/81929/23511/129401"
"R-HSA-390471","Association of TriC/CCT with target proteins during biosynthesis",38,-0.607980038422035,-2.01195711533113,4.83563039147867e-05,0.000695035081342707,0.000513631410502769,3675,"tags=45%, list=16%, signal=38%","10517/11328/10528/6950/8841/26224/898/3801/8877/22948/26985/908/9134/10575/7203/55135/10576"
"R-HSA-174113","SCF-beta-TrCP mediated degradation of Emi1",42,-0.590448198672905,-2.00565978311248,5.07427593508581e-05,0.000717631984628261,0.000530330537811755,4093,"tags=60%, list=18%, signal=49%","7316/5694/5707/11047/5719/5700/5718/5690/5695/5704/991/5689/5709/5692/5685/5687/5682/5708/5686/5701/26271/5717/5684/10213/5691"
"R-HSA-1169091","Activation of NF-kappaB in B cells",51,-0.566224741223412,-1.99462940959986,5.10739289421802e-05,0.000717631984628261,0.000530330537811755,4093,"tags=59%, list=18%, signal=48%","5970/5966/5688/5683/7316/5694/5707/11047/5719/5700/5718/5690/5695/5704/5689/5709/5692/5685/5687/5682/5708/5686/5701/1147/5717/5684/4793/8517/10213/5691"
"R-HSA-180585","Vif-mediated degradation of APOBEC3G",41,-0.595447438124435,-2.01200345941753,5.25271201192399e-05,0.00073184844670336,0.000540836513213581,4093,"tags=61%, list=18%, signal=50%","5688/5683/7316/5694/5707/11047/5719/5700/5718/5690/5695/5704/5689/5709/5692/5685/5687/5682/5708/5686/5701/5717/5684/10213/5691"
"R-HSA-9648025","EML4 and NUDC in mitotic spindle formation",116,-0.44496391572126,-1.79717359003505,5.34036985394549e-05,0.000737861101486802,0.000545279869297592,5438,"tags=44%, list=24%, signal=34%","347688/1063/79003/5515/9184/8655/378708/348995/10383/3619/51807/23279/7514/10403/79023/81027/54908/5903/151648/5905/7278/699/6249/991/84790/11243/9183/55143/83540/332/1780/57122/79019/79861/10726/23421/1058/4928/11004/55920/2491/79902/10376/81929/55055/11130/55166/54821/79980/79682/220134"
"R-HSA-5693567","HDR through Homologous Recombination (HRR) or Single Strand Annealing (SSA)",132,-0.429178600495109,-1.76866730639733,5.47178835146988e-05,0.000749770668325376,0.000554081047508563,3669,"tags=33%, list=16%, signal=28%","9025/6119/6117/1111/675/5983/144715/5981/83695/79728/5810/79184/672/102724334/5425/7329/5984/7156/5892/5982/8365/5890/1763/7468/2072/3364/3014/165918/8914/54962/5985/63979/128312/9156/83990/10635/5884/5932/5427/6118/63967/9577/55732/54107"
"R-HSA-9762114","GSK3B and BTRC:CUL1-mediated-degradation of NFE2L2",42,-0.587780896192728,-1.99659937556799,5.90514272192915e-05,0.00080251857647201,0.000593061788466396,4093,"tags=57%, list=18%, signal=47%","7316/5694/5707/11047/5719/5700/5718/5690/5695/5704/5689/5709/5692/5685/5687/5682/5708/5686/5701/5717/5684/10213/5691/4780"
"R-HSA-187577","SCF(Skp2)-mediated degradation of p27/p21",50,-0.569703451804012,-2.00480303011642,6.14721001110487e-05,0.000828623918570071,0.000612353654508007,4093,"tags=62%, list=18%, signal=51%","890/5688/5683/7316/6502/5694/5707/11047/5719/5700/5718/5690/5695/5704/5689/5709/5692/5685/898/5687/1019/5682/5708/5686/5701/5717/9134/5684/10213/1163/5691"
"R-HSA-5693579","Homologous DNA Pairing and Strand Exchange",43,-0.599904509321227,-2.05383107039319,6.3432034059948e-05,0.000841362499771151,0.000621767474911827,3627,"tags=56%, list=16%, signal=47%","6119/6117/1111/675/5983/144715/83695/79728/5810/672/5984/7156/5892/5982/5890/1763/3364/5985/9156/83990/10635/5884/5932/6118"
"R-HSA-4085377","SUMOylation of SUMOylation proteins",34,-0.635668424788349,-2.04094152056657,6.30495051203566e-05,0.000841362499771151,0.000621767474911827,5780,"tags=59%, list=26%, signal=44%","9972/8086/51588/23636/348995/10210/23279/79023/8021/5903/7329/10762/57122/4928/53371/79902/8480/81929/23511/129401"
"R-HSA-9755511","KEAP1-NFE2L2 pathway",113,-0.441463785585268,-1.77726402931559,6.900681881443e-05,0.000908042107891468,0.000671043751879671,4959,"tags=45%, list=22%, signal=35%","7353/5688/5683/1457/5226/571/9451/7316/6502/4609/5694/55666/5707/11047/5719/374/5700/79728/5718/5690/5695/5704/672/5689/5709/5692/5685/2730/5687/7295/5682/5708/7415/5686/5052/4199/5701/23657/2936/5717/1728/5684/9817/10213/5691/4780/8878/140809/7086/9429/81631"
"R-HSA-4641257","Degradation of AXIN",42,-0.585890074708972,-1.99017655199848,6.97808039944156e-05,0.00091099663797434,0.000673227151674263,4093,"tags=62%, list=18%, signal=51%","5688/5683/7316/5694/5707/11047/5719/5700/5718/5690/5695/5704/5689/5709/5692/5685/5687/5682/5708/5686/5701/80351/5717/5684/10213/5691"
"R-HSA-73933","Resolution of Abasic Sites (AP sites)",39,-0.600536171816054,-2.0097966056068,7.3037241514155e-05,0.000938726716515264,0.000693719699081815,4583,"tags=62%, list=20%, signal=49%","142/4968/328/7515/3980/10038/6119/6117/5983/5981/670/8505/23583/7374/5425/6996/5984/5982/54936/5985/5427/6118/2237/54107"
"R-HSA-500792","GPCR ligand binding",443,0.325774169075584,1.47711918093328,7.29462055132204e-05,0.000938726716515264,0.000693719699081815,4447,"tags=29%, list=20%, signal=24%","3350/1128/1908/2149/5727/9718/3355/7481/6349/414062/1909/887/1392/11255/57007/2532/1394/104909134/23596/7483/6755/1906/5173/128674/7474/7482/4829/4923/10268/1812/113091/54361/2692/6866/64106/2778/5734/2840/259293/5539/150/3274/9568/6374/1129/4987/2828/187/553/718/3627/57105/7434/1907/4986/2782/79924/2859/1132/151/2642/7473/5739/6375/4935/2917/117/155/1131/8326/7475/6347/1813/1238/9283/8325/1524/1393/7472/886/4158/6010/6915/64748/9934/11211/8322/2841/8643/1395/2916/5995/6754/388372/94233/5021/7855/2913/84539/5732/7433/50840/6344/51554/30817/50846/3973/154/163404/4985/3972/8484/84109/6752/50838/2847/56413/5726/89780/51289/5028/80834/54886/6608/5697/2925/58191/50834/6363/2550"
"R-HSA-1630316","Glycosaminoglycan metabolism",125,0.448376365638763,1.77100056551663,8.50463790066517e-05,0.00108466843379253,0.00080157073007079,4952,"tags=42%, list=22%, signal=33%","9394/221914/79586/633/2262/9951/55790/176/113189/55454/64132/55576/10090/9957/2331/1463/10855/138050/55501/8509/10675/337876/4669/2719/1634/5549/9469/2239/6383/6448/6548/6487/51363/64711/27087/8692/1464/222537/2588/3037/80146/126792/4969/9672/3425/79369/3073/3036/90161/2817/23563/2720/11041"
"R-HSA-110373","Resolution of AP sites via the multiple-nucleotide patch replacement pathway",26,-0.67149112516475,-2.02043967850553,9.30443431158908e-05,0.00117761466325303,0.000870258058552808,4412,"tags=65%, list=20%, signal=53%","328/10038/6119/6117/5983/5981/670/8505/5425/5984/5982/54936/5985/5427/6118/2237/54107"
"R-HSA-5693616","Presynaptic phase of homologous DNA pairing and strand exchange",40,-0.594131594506664,-2.00304594493693,9.8964217545288e-05,0.00123733154690821,0.000914388877278368,3627,"tags=55%, list=16%, signal=46%","6119/6117/1111/675/5983/144715/83695/5810/672/5984/7156/5892/5982/5890/1763/3364/5985/9156/83990/5884/5932/6118"
"R-HSA-6782210","Gap-filling DNA repair synthesis and ligation in TC-NER",63,-0.529507803522482,-1.92063466482597,9.92551844021665e-05,0.00123733154690821,0.000914388877278368,4900,"tags=48%, list=22%, signal=37%","2074/9716/2967/8451/7515/3980/7316/5431/56949/5433/6119/57461/6117/5983/5981/10450/2068/5425/902/5984/27339/5982/2965/5985/5437/1022/5427/6118/5435/54107"
"R-HSA-6804756","Regulation of TP53 Activity through Phosphorylation",92,-0.468791761458701,-1.80409415176162,0.000108432778527247,0.00134165333431475,0.000991482751026833,4093,"tags=39%, list=18%, signal=32%","7316/8851/5571/11200/6119/6873/6749/6117/1111/5983/144715/83695/54457/5810/672/51422/5984/7156/5982/6878/8550/22974/28996/1763/5565/3364/51616/26155/6790/5985/9156/83990/5884/5932/6880/6118"
"R-HSA-4641258","Degradation of DVL",44,-0.586897822660835,-2.01539855333686,0.00011346818085785,0.00139355736194308,0.0010298398636923,4928,"tags=64%, list=22%, signal=50%","5688/5683/59349/7316/5694/5707/11047/5719/5700/5718/5690/5695/5704/5689/5709/5692/5685/5687/5682/5708/5686/5701/5717/1855/5684/10213/23072/5691"
"R-HSA-9711123","Cellular response to chemical stress",198,-0.380935196076668,-1.66125171476051,0.000117969364816195,0.00143818534459743,0.00106281997404064,4959,"tags=38%, list=22%, signal=30%","7353/5688/1536/5683/475/1457/10628/5226/571/9451/54205/6647/7316/6502/50507/4609/5694/2877/55666/5465/5707/11047/79400/5719/2882/374/645/5700/2878/79728/5718/5690/5695/5704/8841/672/5689/5709/5692/5685/10935/2730/5687/7295/257202/5682/5708/7415/5686/5052/1349/4199/9167/5701/4688/23657/114548/2936/2880/5717/1728/5684/9817/10213/6907/5691/4780/30001/8878/140809/7086/9429/9611/341947/81631"
"R-HSA-170822","Regulation of Glucokinase by Glucokinase Regulatory Protein",31,-0.639342393744361,-2.00392283927559,0.000122432123864589,0.0014709598649818,0.00108704036749338,5780,"tags=58%, list=26%, signal=43%","9972/8086/23636/348995/23279/79023/8021/2645/5903/10762/57122/4928/53371/79902/8480/81929/23511/129401"
"R-HSA-5619107","Defective TPR may confer susceptibility towards thyroid papillary carcinoma (TPC)",31,-0.639342393744361,-2.00392283927559,0.000122432123864589,0.0014709598649818,0.00108704036749338,5780,"tags=58%, list=26%, signal=43%","9972/8086/23636/348995/23279/79023/8021/2645/5903/10762/57122/4928/53371/79902/8480/81929/23511/129401"
"R-HSA-159227","Transport of the SLBP independent Mature mRNA",34,-0.619619862810527,-1.9894143796726,0.000125473225437975,0.00149665185450477,0.00110602676569332,5780,"tags=53%, list=26%, signal=39%","9972/8086/23636/348995/22916/23279/79023/8021/5903/10762/57122/4928/53371/79902/8480/81929/23511/129401"
"R-HSA-9675135","Diseases of DNA repair",51,-0.55405057830796,-1.95174371135935,0.000132193150120136,0.00156554459213704,0.00115693854691608,3674,"tags=51%, list=16%, signal=43%","2956/6119/6117/675/5983/144715/83695/79728/5810/672/5984/7156/5892/5982/5890/55247/4436/1763/3364/5985/9156/83990/10635/5884/5932/6118"
"R-HSA-8941858","Regulation of RUNX3 expression and activity",45,-0.582144857927073,-2.01140237438919,0.000133785735511288,0.00157316843601217,0.00116257257286405,4093,"tags=56%, list=18%, signal=46%","7316/5694/5707/11047/5719/5700/5718/5690/5695/5704/5689/5709/5692/5685/5687/5682/5708/5686/5701/57154/5717/865/5684/10213/5691"
"R-HSA-5685942","HDR through Homologous Recombination (HRR)",70,-0.504693760820256,-1.87095634858328,0.000136153624635382,0.00158973739186946,0.00117481704281382,3627,"tags=43%, list=16%, signal=36%","6119/6117/1111/675/5983/144715/5981/83695/79728/5810/672/5425/5984/7156/5892/5982/5890/1763/3364/5985/63979/9156/83990/10635/5884/5932/5427/6118/55732/54107"
"R-HSA-2426168","Activation of gene expression by SREBF (SREBP)",42,-0.56971369925371,-1.93522794556684,0.000137853392553312,0.00159832814582791,0.00118116561598863,1473,"tags=29%, list=7%, signal=27%","4597/31/6907/2194/1717/4598/57678/1595/3157/6713/4047/6319"
"R-HSA-5693538","Homology Directed Repair",138,-0.424437254451796,-1.75790725964484,0.000144670697298941,0.00166572233417808,0.00123096996824537,3669,"tags=33%, list=16%, signal=27%","9025/6119/6117/1111/675/5983/144715/5981/83695/79728/5810/79184/672/102724334/5425/7329/5984/7156/5892/5982/8365/5890/1763/7468/2072/3364/3014/165918/8914/54962/5985/63979/128312/9156/83990/10635/5884/5932/5427/6118/63967/9577/55732/2237/54107"
"R-HSA-9615933","Postmitotic nuclear pore complex (NPC) reformation",27,-0.650605390363047,-1.96307308743692,0.000154868206850046,0.00175870881477655,0.00129968704234645,4723,"tags=52%, list=21%, signal=41%","348995/5901/23279/79023/5905/7329/57122/4928/53371/79902/1104/81929/23511/129401"
"R-HSA-159234","Transport of Mature mRNAs Derived from Intronless Transcripts",42,-0.5668195758978,-1.92539706313657,0.000154635144691124,0.00175870881477655,0.00129968704234645,5938,"tags=50%, list=26%, signal=37%","53981/9972/8086/23636/7884/55339/348995/22916/23279/79023/8021/5903/10762/57122/4928/53371/79902/8480/81929/23511/129401"
"R-HSA-1296071","Potassium Channels",102,0.458182252769074,1.76319586686054,0.000158537018177916,0.00178812500774819,0.00132142562949584,3331,"tags=33%, list=15%, signal=29%","3736/3750/3766/3785/6833/3761/3746/610/3780/90134/3764/3743/3752/3745/54207/9568/348980/3748/3773/3758/3737/27345/3767/9132/2782/3754/50801/3777/3757/27094/3790/9312/3742/57657"
"R-HSA-168325","Viral Messenger RNA Synthesis",43,-0.581591381952779,-1.99113430882368,0.000161487098799229,0.00180909195816974,0.00133692022050002,4248,"tags=49%, list=19%, signal=40%","9972/8086/23636/348995/23279/5431/5433/79023/8021/5903/10762/57122/4928/53371/79902/8480/5437/81929/23511/129401/5435"
"R-HSA-1793185","Chondroitin sulfate/dermatan sulfate metabolism",51,0.560150802972694,1.88254924353525,0.000162645158101282,0.00180983672571763,0.00133747060423803,4658,"tags=53%, list=21%, signal=42%","221914/79586/633/2262/55790/113189/55454/64132/10090/1463/55501/10675/337876/2719/1634/9469/2239/6383/51363/27087/1464/80146/126792/9672/3425/3073/2817"
"R-HSA-69615","G1/S DNA Damage Checkpoints",55,-0.537431611385401,-1.92133334478425,0.000180322800834507,0.00199316802522408,0.00147295256260607,4093,"tags=56%, list=18%, signal=46%","890/5688/5683/7316/5694/11200/5707/11047/5719/1111/5700/5718/5690/5695/5704/5689/5709/5692/5685/898/5687/5682/5708/5686/5701/5717/9134/5684/10213/5691/993"
"R-HSA-1980145","Signaling by NOTCH2",33,0.614805712323757,1.90386946668993,0.000191921704168591,0.00209346174678635,0.00154706969288255,1956,"tags=36%, list=9%, signal=33%","9148/182/54567/55534/84441/28514/57534/3280/83464/3714/142678/4192"
"R-HSA-8939236","RUNX1 regulates transcription of genes involved in differentiation of HSCs",112,-0.436497929404055,-1.75141538001394,0.000191075183480807,0.00209346174678635,0.00154706969288255,4093,"tags=34%, list=18%, signal=28%","7316/8338/5694/83737/5707/11047/5719/2623/5700/4004/5718/5690/5695/5704/5689/5709/5692/5685/55766/102724334/5687/8335/902/5682/5708/5686/8365/5701/3014/5717/865/5684/10213/128312/5691/1022/7161/8334"
"R-HSA-69273","Cyclin A/B1/B2 associated events during G2/M transition",32,-0.611312304131533,-1.931017989808,0.000193964138217066,0.00210191203375095,0.0015533144608508,5129,"tags=59%, list=23%, signal=46%","5515/890/79866/7514/891/79596/151648/5520/55355/902/995/51451/983/9133/9088/90381/1022/993/7465"
"R-HSA-9830369","Kidney development",46,0.571792265298051,1.88948226034252,0.000204834598078175,0.00220529716632217,0.00162971614602184,3901,"tags=46%, list=17%, signal=38%","182/7481/57526/5979/652/5076/28514/54361/2247/6928/130497/2296/3203/3400/51316/2668/3237/9353/2625/3214/2018"
"R-HSA-69205","G1/S-Specific Transcription",28,-0.632174528165807,-1.94180659464984,0.000214570214459646,0.00228049625368009,0.00168528832409601,5580,"tags=64%, list=25%, signal=48%","1875/1719/7083/1874/132660/1876/5933/286826/4998/898/7027/81620/1869/983/26271/6241/8318/990"
"R-HSA-9709570","Impaired BRCA2 binding to RAD51",35,-0.594859087157267,-1.92444576140441,0.000213730929210999,0.00228049625368009,0.00168528832409601,3627,"tags=54%, list=16%, signal=46%","6119/6117/675/5983/144715/83695/5810/672/5984/7156/5982/1763/3364/5985/9156/83990/5884/5932/6118"
"R-HSA-3301854","Nuclear Pore Complex (NPC) Disassembly",35,-0.594505120294485,-1.9233006330144,0.000216201779644539,0.00228320095955825,0.00168728710362885,5780,"tags=57%, list=26%, signal=43%","9972/8086/23636/348995/23279/79023/8021/891/5903/10762/57122/983/9133/4928/53371/79902/8480/81929/23511/129401"
"R-HSA-8939902","Regulation of RUNX2 expression and activity",59,-0.533143137714543,-1.9000473696639,0.000223538944112114,0.00234574410973345,0.00173350653528648,4928,"tags=53%, list=22%, signal=41%","5688/5683/11059/7316/6502/5694/5707/11047/5719/5700/5718/5690/5695/5704/5689/5709/5692/5685/5687/5682/5708/5686/2099/5701/57154/5717/2101/865/5684/10213/5691"
"R-HSA-438066","Unblocking of NMDA receptors, glutamate binding and activation",22,0.694567570889744,1.9712224408849,0.000235153378952452,0.00243677688939479,0.00180077982303062,2661,"tags=64%, list=12%, signal=56%","2904/2902/2892/815/1742/808/88/4747/817/2903/2906/816/1739/1741"
"R-HSA-8957322","Metabolism of steroids",153,-0.397357679654183,-1.66908246985662,0.000234620639951845,0.00243677688939479,0.00180077982303062,1760,"tags=19%, list=8%, signal=18%","1586/83930/412/4597/2172/8309/31/1588/6307/51478/26119/3290/6907/2194/39/6715/1717/1718/4598/57678/10682/441282/1595/3157/6713/10484/4047/6319/7421"
"R-HSA-1655829","Regulation of cholesterol biosynthesis by SREBP (SREBF)",55,-0.533045148467574,-1.90565161469779,0.000252450941037797,0.00259977428720911,0.00192123501384763,1473,"tags=24%, list=7%, signal=22%","4597/31/6907/2194/1717/4598/57678/1595/3157/6713/10484/4047/6319"
"R-HSA-8951664","Neddylation",232,-0.346732198333915,-1.54390095523962,0.000257369086321355,0.00263406138963461,0.0019465732064851,4679,"tags=36%, list=21%, signal=29%","9616/23369/8451/170622/140458/79176/200845/79791/7316/6502/5931/5694/144699/55666/10517/5707/11047/5719/122769/64410/51122/126433/5700/79728/5718/84541/80067/84085/5690/23412/5695/5704/672/5689/5709/5692/5685/26224/283807/5687/401036/55175/390594/51514/8453/122416/5682/5708/899/7415/84259/5686/332/9039/23014/5701/11091/154881/28952/8883/123879/222235/56929/140459/26267/10920/5717/25879/149951/7347/5684/9817/10213/10987/26268/7321/8533/9903/5691/4780/8878/54951/51397/5929"
"R-HSA-3560782","Diseases associated with glycosaminoglycan metabolism",40,0.578162501052706,1.84251262289956,0.000264433263002825,0.00268975674882628,0.00198773211582362,4658,"tags=52%, list=21%, signal=42%","221914/633/2262/176/113189/2331/1463/10675/2719/1634/5549/9469/2239/6383/6487/1464/126792/4969/9672/3073/2817"
"R-HSA-5685938","HDR through Single Strand Annealing (SSA)",37,-0.588347459954837,-1.94129588158263,0.000295041436034135,0.00298279695697925,0.00220428903429868,3627,"tags=51%, list=16%, signal=43%","6119/6117/5983/144715/83695/5810/672/5984/7156/5982/1763/2072/3364/5985/9156/83990/5884/5932/6118"
"R-HSA-1971475","A tetrasaccharide linker sequence is required for GAG synthesis",27,0.648874960906341,1.913140599811,0.00030106147819901,0.0030252117021452,0.00223563356059743,4658,"tags=59%, list=21%, signal=47%","221914/633/2262/64132/1463/10675/2719/1634/2239/6383/27087/1464/80146/126792/9672/2817"
"R-HSA-1236974","ER-Phagosome pathway",81,-0.463784054797599,-1.76737756117173,0.000321069387958392,0.0032068255737049,0.00236984633851343,4928,"tags=44%, list=22%, signal=35%","5688/10952/5683/3135/7316/23643/5694/5707/11047/5719/5700/5718/5690/5695/5704/5689/5709/5692/5685/5687/5682/5708/5686/5701/2923/9554/1147/3134/3106/5717/5684/8517/10213/6892/10333/5691"
"R-HSA-159231","Transport of Mature mRNA Derived from an Intronless Transcript",41,-0.563316658482709,-1.90343427991688,0.000341678305570513,0.00339223132117312,0.00250686131537395,5938,"tags=49%, list=26%, signal=36%","53981/9972/8086/23636/55339/348995/22916/23279/79023/8021/5903/10762/57122/4928/53371/79902/8480/81929/23511/129401"
"R-HSA-180534","Vpu mediated degradation of CD4",39,-0.571331149335244,-1.91205702254205,0.000375734775840016,0.0037081443948973,0.00274032129747982,4093,"tags=64%, list=18%, signal=53%","5688/5683/7316/5694/5707/11047/5719/5700/5718/5690/5695/5704/5689/5709/5692/5685/5687/5682/5708/5686/5701/5717/5684/10213/5691"
"R-HSA-9830364","Formation of the nephric duct",18,0.72084861153256,1.95891503475347,0.000405880766768157,0.00398195450474322,0.00294266715987627,4584,"tags=72%, list=20%, signal=58%","57526/5979/652/5076/2247/130497/3203/3400/51316/2625/3214/2018/1499"
"R-HSA-5358346","Hedgehog ligand biogenesis",52,-0.522691729612237,-1.84135133637112,0.000424282561278253,0.00413800286234908,0.00305798700512623,4093,"tags=52%, list=18%, signal=43%","7316/5694/5707/11047/5719/5700/5718/5690/5695/5704/5689/5709/5692/5685/5687/5682/5708/7415/5686/5701/5717/51009/5684/10213/5691/6868/27248"
"R-HSA-180910","Vpr-mediated nuclear import of PICs",33,-0.601145261481321,-1.90718773856547,0.000429990398425494,0.00416914667011386,0.00308100230081425,5780,"tags=55%, list=26%, signal=41%","9972/8086/23636/348995/23279/3159/79023/8021/5903/10762/57122/4928/53371/79902/8480/81929/23511/129401"
"R-HSA-168271","Transport of Ribonucleoproteins into the Host Nucleus",31,-0.612865841424764,-1.92093605720443,0.000439345674696949,0.00423508795725314,0.00312973295806149,6115,"tags=58%, list=27%, signal=42%","3837/9972/8086/23636/348995/23279/79023/8021/5903/10762/57122/4928/53371/79902/8480/81929/23511/129401"
"R-HSA-5651801","PCNA-Dependent Long Patch Base Excision Repair",21,-0.675256363725493,-1.94444413727199,0.000469640472540539,0.00447507990501273,0.00330708717505861,3627,"tags=57%, list=16%, signal=48%","6119/6117/5983/5981/5425/5984/5982/5985/5427/6118/2237/54107"
"R-HSA-212676","Dopamine Neurotransmitter Release Cycle",23,0.665779551958682,1.89382029563005,0.000467512578094941,0.00447507990501273,0.00330708717505861,4253,"tags=61%, list=19%, signal=49%","8573/8825/10815/22999/6616/6853/6571/6854/320/10497/9256/8497/6844/6812"
"R-HSA-3371556","Cellular response to heat stress",88,-0.448283946095263,-1.70511852672195,0.000505796399701857,0.00479205960403245,0.00354133539400277,4369,"tags=41%, list=19%, signal=33%","51501/23279/3326/27000/79023/3337/8021/6119/6117/5903/3303/26353/6767/3313/51182/91582/6782/10762/7415/57122/10728/2475/4928/53371/5594/3309/79902/8480/10808/81929/6118/23511/9532/129401/3312/3305"
"R-HSA-72165","mRNA Splicing - Minor Pathway",50,-0.53082122786867,-1.86797535228438,0.000534007802550457,0.00496850254578939,0.00367172685118332,6156,"tags=54%, list=27%, signal=39%","11325/10907/79622/9416/6426/6637/22916/5431/24148/5433/10992/10081/55954/51639/6432/6431/9343/6634/85437/6632/23020/6427/6628/83443/9410/5437/5435"
"R-HSA-1638091","Heparan sulfate/heparin (HS-GAG) metabolism",58,0.514957665174,1.78526443415476,0.000536406487150966,0.00496850254578939,0.00367172685118332,4658,"tags=48%, list=21%, signal=38%","9394/221914/633/2262/9951/64132/9957/1463/10855/138050/8509/10675/4669/2719/1634/2239/6383/6448/64711/27087/1464/222537/80146/126792/9672/3425/90161/2817"
"R-HSA-3000171","Non-integrin membrane-ECM interactions",80,0.479344371789345,1.74458618014768,0.000535891312075656,0.00496850254578939,0.00367172685118332,4442,"tags=36%, list=20%, signal=29%","8573/1281/3910/5155/9378/3691/6444/1301/1278/3371/2247/7040/780/3911/50509/6641/58/6442/3913/6645/6383/6640/8910/3655/7448/5154/1290/9672/8082"
"R-HSA-8878171","Transcriptional regulation by RUNX1",217,-0.349770148584437,-1.54422700465133,0.000533849591391067,0.00496850254578939,0.00367172685118332,4093,"tags=28%, list=18%, signal=23%","7316/8013/8338/5694/83737/5707/11047/5719/23429/2623/5700/640/4004/5718/5690/5695/5704/896/5689/5709/5692/5685/55766/8784/102724334/5687/8335/902/84733/7122/5682/5708/5686/2099/6599/8365/86/5701/11091/28996/3014/5717/1437/865/5684/122809/10213/128312/7082/23466/5691/100506658/1022/1912/7161/26523/5929/57678/4773/8334"
"R-HSA-983705","Signaling by the B Cell Receptor (BCR)",96,-0.443470844720132,-1.72548066414915,0.000544735637869551,0.00501762048659842,0.00370802504374361,4299,"tags=43%, list=19%, signal=35%","5970/5966/7220/2885/5688/5683/84876/7316/10768/5694/5707/11047/5719/5534/805/5700/640/5718/5690/5695/5704/5689/5709/5692/5685/5687/5682/5708/2280/5686/10125/5701/1147/5717/5684/4793/8517/10213/4893/5691/4773"
"R-HSA-9912633","Antigen processing: Ub, ATP-independent proteasomal degradation",19,-0.698096092958345,-1.98366607427418,0.000551023427413314,0.00504749636823908,0.00373010334114043,4928,"tags=68%, list=22%, signal=54%","5688/5683/5694/5690/5695/5689/5692/5685/5687/5682/5686/5684/5691"
"R-HSA-1538133","G0 and Early G1",27,-0.620394436650356,-1.87191750978932,0.000556643092329138,0.00507095740154786,0.00374744106114006,5060,"tags=59%, list=22%, signal=46%","1875/1874/890/132660/4609/5933/286826/898/7027/4605/7153/1869/983/9134/990/993"
"R-HSA-9609507","Protein localization",164,-0.372442270571597,-1.58494523130311,0.000605098759974189,0.00548226089637817,0.00405139463106101,5000,"tags=37%, list=22%, signal=29%","5192/26521/10952/4580/54363/26515/8310/54927/388753/80273/90639/29090/51142/8266/7316/56942/79145/51025/26520/11264/131118/7416/2010/3313/6804/4358/5828/3329/439/5190/100188893/10469/56993/401505/51287/150274/26517/8528/10478/134266/122970/9868/26061/1678/617/54677/8309/1528/10440/10165/7321/5194/3416/131474/5830/10452/2053/26519/224/100287932"
"R-HSA-9620244","Long-term potentiation",24,0.643172529583082,1.83362350424363,0.00061083637598322,0.00550416690967488,0.00406758319018574,2661,"tags=58%, list=12%, signal=52%","2904/2902/815/1742/808/88/4747/817/2903/2906/4900/816/1739/1741"
"R-HSA-176033","Interactions of Vpr with host cellular proteins",36,-0.579156843412396,-1.89745432347611,0.000629346971355958,0.00564030961355772,0.00416819274343292,5780,"tags=50%, list=26%, signal=37%","9972/8086/23636/348995/23279/3159/79023/8021/5903/10762/57122/4928/53371/79902/8480/81929/23511/129401"
"R-HSA-5696400","Dual Incision in GG-NER",41,-0.547390823694967,-1.84962124347494,0.000646630769518388,0.00573322896182614,0.00423686020669521,4970,"tags=51%, list=22%, signal=40%","142/2967/8451/9557/10038/7316/6119/6117/5983/5981/2068/5425/7507/5984/5982/2072/2965/5985/5427/6118/54107"
"R-HSA-5357801","Programmed Cell Death",199,-0.35792341784553,-1.56072621984869,0.000646302955855851,0.00573322896182614,0.00423686020669521,4981,"tags=39%, list=22%, signal=30%","708/8655/5688/7529/5683/10059/1829/25978/56616/1676/54205/1991/100526767/4976/7316/10015/7534/23643/5694/83737/839/5707/11047/5719/2810/5534/26060/841/5700/356/5718/5690/1613/5695/5704/8737/5689/5709/5692/999/5685/7027/353376/1612/22985/5687/8772/8797/92421/3005/5682/5708/5686/4001/5701/1869/578/5071/5717/100302736/5594/5747/5684/3002/7186/331/10213/7082/3552/7532/5691/100506658/7161/6386/63967/3024/840"
"R-HSA-69563","p53-Dependent G1 DNA Damage Response",53,-0.513121015323513,-1.81483694292978,0.000669624344167824,0.00587427070174736,0.00434109015099608,5023,"tags=55%, list=22%, signal=43%","890/5688/5683/7316/5694/11200/5707/11047/5719/5700/5718/5690/5695/5704/5689/5709/5692/5685/898/5687/5682/5708/5686/5701/5717/9134/5684/10213/5691"
"R-HSA-69580","p53-Dependent G1/S DNA damage checkpoint",53,-0.513121015323513,-1.81483694292978,0.000669624344167824,0.00587427070174736,0.00434109015099608,5023,"tags=55%, list=22%, signal=43%","890/5688/5683/7316/5694/11200/5707/11047/5719/5700/5718/5690/5695/5704/5689/5709/5692/5685/898/5687/5682/5708/5686/5701/5717/9134/5684/10213/5691"
"R-HSA-1236975","Antigen processing-Cross presentation",96,-0.439537148982285,-1.71017522521194,0.000687279561976701,0.00597093035428172,0.00441252170172302,4928,"tags=41%, list=22%, signal=32%","5688/10952/1536/5683/3135/2209/7316/23643/5694/5707/11047/5719/5700/5718/5690/5695/5704/5689/5709/5692/5685/5687/5682/5708/5686/5701/4688/2923/9554/1147/3134/3106/5717/5684/8517/10213/6892/10333/5691"
"R-HSA-5689603","UCH proteinases",87,-0.448370530886931,-1.70885136919236,0.000687845414757424,0.00597093035428172,0.00441252170172302,4246,"tags=41%, list=19%, signal=34%","221613/7316/317772/8338/3054/5694/5707/11047/5719/5700/5718/5690/5695/5704/5689/5709/5692/5685/54617/5687/8335/5682/5708/5686/86/7048/79913/5701/5717/7347/5684/10213/7345/5691/55252/8334"
"R-HSA-112314","Neurotransmitter receptors and postsynaptic signal transmission",203,0.362251971486566,1.52971506339637,0.000698427677807335,0.00603121400939876,0.0044570713649547,4241,"tags=30%, list=19%, signal=24%","8573/3766/3761/5595/8825/6196/4905/2904/2902/80852/2892/2555/9647/815/2770/10382/2901/2899/5582/1141/1742/2771/2569/9568/2897/3773/59283/7102/5573/112714/808/88/2782/4747/817/2903/2906/4900/5330/115/816/1739/320/111/1741/3265/112/84617/108/1740/23229/107/1134/2743/27020/3765/4193/347733/89832/161"
"R-HSA-159236","Transport of Mature mRNA derived from an Intron-Containing Transcript",74,-0.455156242956364,-1.71110706072225,0.00071211117693706,0.00611751467026759,0.00452084761360642,6319,"tags=45%, list=28%, signal=32%","8683/7307/102724594/84321/9972/8086/55110/23636/6426/7919/80145/348995/22916/6428/23279/9984/79023/8021/5903/6432/6431/10762/6427/29107/57122/728343/4928/53371/79902/8480/81929/23511/129401"
"R-HSA-9820448","Developmental Cell Lineages of the Exocrine Pancreas",83,0.459319887352544,1.69533010295242,0.00071739696551844,0.00613115550943079,0.00453092820327436,4297,"tags=35%, list=19%, signal=28%","1281/3910/1358/1301/1278/2255/2247/3911/6928/50509/1357/63036/2249/3872/27232/5967/256297/3175/6662/3913/7980/64321/3855/23436/343/3651/7448/1080/1290"
"R-HSA-109581","Apoptosis",166,-0.363521195385627,-1.54947261419204,0.000744838604888458,0.00633303798412853,0.00468011949306432,4981,"tags=41%, list=22%, signal=32%","708/8655/5688/7529/5683/10059/1829/56616/1676/54205/4976/7316/7534/23643/5694/839/5707/11047/5719/2810/5534/26060/841/5700/356/5718/5690/1613/5695/5704/8737/5689/5709/5692/999/5685/7027/353376/1612/22985/5687/8772/8797/3005/5682/5708/5686/4001/5701/1869/578/5717/100302736/5594/5747/5684/3002/7186/331/10213/7082/7532/5691/100506658/7161/63967/3024/840"
"R-HSA-4420332","Defective B3GALT6 causes EDSP2 and SEMDJL1",20,0.67835744162393,1.88293704126184,0.000758785251990658,0.00641870381530873,0.00474342660213279,4658,"tags=65%, list=21%, signal=52%","221914/633/2262/1463/10675/2719/1634/2239/6383/1464/126792/9672/2817"
"R-HSA-8852276","The role of GTSE1 in G2/M progression after G2 checkpoint",64,-0.484229662666863,-1.76253683696649,0.000786982174469823,0.00662343373233993,0.00489472215379575,4928,"tags=59%, list=22%, signal=47%","5688/5683/63943/10383/51807/3326/7316/5694/5707/11047/5719/81027/51512/891/5700/5718/7278/5690/5695/5704/5689/5709/5692/5685/84790/5687/5682/5708/5686/5701/79861/983/9133/5717/5684/10213/10376/5691"
"R-HSA-390522","Striated Muscle Contraction",36,0.582980891562561,1.82443459400897,0.000793481325556221,0.0066444042311728,0.00491021936707837,1959,"tags=28%, list=9%, signal=25%","7135/4635/7139/1674/4606/4632/7134/7138/88/58"
"R-HSA-2122948","Activated NOTCH1 Transmits Signal to the Nucleus",30,0.61433282402763,1.86218707434024,0.000804721545343113,0.00670466493557227,0.00495475206971375,1915,"tags=40%, list=8%, signal=37%","23220/9148/182/54567/408/28514/1840/57534/4851/83464/3714/142678"
"R-HSA-5610785","GLI3 is processed to GLI3R by the proteasome",47,-0.526621999170721,-1.83676900163469,0.000829812713264422,0.00687914739296206,0.00508369472757783,4093,"tags=51%, list=18%, signal=42%","7316/5694/5707/11047/5719/5700/5718/5690/5695/5704/5689/5709/5692/5685/5687/5682/5708/5686/5701/5717/5684/10213/5691/5567"
"R-HSA-76061","RNA Polymerase III Transcription Initiation From Type 1 Promoter",28,-0.598651457609767,-1.83883610694686,0.000847409265647945,0.00695546813091234,0.00514009580622307,2973,"tags=43%, list=13%, signal=37%","9330/2976/171568/11128/10622/9533/9329/10623/27297/5437/55703/5435"
"R-HSA-375280","Amine ligand-binding receptors",36,0.581553744137875,1.81996834619531,0.000843333113404893,0.00695546813091234,0.00514009580622307,2316,"tags=39%, list=10%, signal=35%","3350/1128/3355/11255/1812/150/3274/1129/1132/151/4935/155/1131/1813"
"R-HSA-9705683","SARS-CoV-2-host interactions",194,-0.354423520595047,-1.54107557646202,0.00087063506991139,0.00711090121139451,0.00525496096124894,4914,"tags=30%, list=22%, signal=24%","5170/7529/6637/348995/3135/6191/3454/7284/23279/3716/3326/7316/7534/79023/8021/2810/50628/5903/22863/25929/57617/89122/6634/8487/6632/30849/11311/10762/10454/11218/6628/57122/8678/7555/1147/3134/79760/9868/3106/114548/4928/53371/79902/3838/8517/7082/8480/857/7532/79833/81929/23511/6606/6607/129401/10146/81631/10484"
"R-HSA-157579","Telomere Maintenance",109,-0.409270660110695,-1.63152376248942,0.00088175514465118,0.00716642171486106,0.00529599065208449,4176,"tags=31%, list=18%, signal=26%","54921/5431/8338/5433/6119/6117/5983/5981/7015/23649/1616/55766/102724334/5425/8335/5984/5982/8365/79075/1763/5557/3014/5985/54433/128312/5437/5558/55164/6118/1736/55135/5435/2237/8334"
"R-HSA-202424","Downstream TCR signaling",78,-0.448128644108192,-1.69894614095004,0.000893331798629095,0.00722509327866849,0.00533934897871254,4941,"tags=45%, list=22%, signal=35%","3123/5688/5170/5683/7316/5694/5707/11047/915/5719/5700/5718/5690/5695/5704/5689/5709/5692/5685/5687/916/5682/3117/5708/5686/5701/1147/5717/5684/8517/10213/7321/5691/919/50852"
"R-HSA-9012852","Signaling by NOTCH3",48,0.530642416291258,1.76703569668399,0.000898339478183132,0.00723032453799821,0.00534321488301055,3711,"tags=40%, list=16%, signal=33%","9148/182/54567/55534/84441/4854/28514/57534/3280/4851/83464/1387/3714/142678/23462/5087/171558/7314/5663"
"R-HSA-442742","CREB1 phosphorylation through NMDA receptor-mediated activation of RAS signaling",29,0.602461864499774,1.7950952019637,0.000906451081784045,0.00726036663573887,0.00536541601422135,2863,"tags=52%, list=13%, signal=45%","5595/6196/2904/2902/815/1742/808/88/4747/817/2906/816/1739/1741/3265"
"R-HSA-5610780","Degradation of GLI1 by the proteasome",47,-0.524862288220215,-1.83063142566783,0.000919252587556898,0.00732750379889104,0.00541503042467727,4093,"tags=53%, list=18%, signal=44%","7316/5694/83737/5707/11047/5719/5700/5718/5690/5695/5704/5689/5709/5692/5685/5687/5682/5708/5686/5701/5717/5684/10213/5691/5567"
"R-HSA-5693607","Processing of DNA double-strand break ends",95,-0.427001286990614,-1.65527293770896,0.000936086319057993,0.00742598620573278,0.00548780899211032,3669,"tags=34%, list=16%, signal=28%","9025/6119/6117/1111/5983/144715/83695/5810/79184/672/102724334/7329/5984/7156/5982/8365/1763/7468/3364/3014/165918/8914/54962/5985/128312/9156/83990/5884/5932/6118/63967/9577"
"R-HSA-180786","Extension of Telomeres",51,-0.513207460941417,-1.80786641821418,0.000953219360460319,0.00749022606465975,0.00553528229272043,3627,"tags=39%, list=16%, signal=33%","6119/6117/5983/5981/7015/23649/5425/5984/5982/79075/1763/5557/5985/54433/5558/55164/6118/1736/55135/2237"
"R-HSA-5696398","Nucleotide Excision Repair",109,-0.408245971490285,-1.62743892573884,0.000950718542770373,0.00749022606465975,0.00553528229272043,4970,"tags=40%, list=22%, signal=32%","142/2074/9716/2967/8451/9557/7515/3980/10401/10038/7316/5431/56949/5433/6119/57461/6117/5983/5981/10450/2068/54617/5425/902/7507/7329/5984/27339/1069/5982/86/79913/2072/2965/10920/5985/10987/8533/5437/1022/5427/6118/5435/54107"
"R-HSA-69473","G2/M DNA damage checkpoint",94,-0.433258025861084,-1.67516596376389,0.000958947585655945,0.0074996938538564,0.00554227899554876,3995,"tags=38%, list=18%, signal=32%","7534/11200/9025/6119/2810/6117/1111/5983/144715/891/83695/5810/79184/672/102724334/5984/7156/5982/995/8365/1763/7468/983/3364/3014/165918/5985/128312/9156/83990/7532/5884/5932/6118/9577/7465"
"R-HSA-167161","HIV Transcription Initiation",47,-0.521874192834688,-1.82020945129778,0.000998754770578923,0.00756134890237376,0.00558784211946102,4091,"tags=36%, list=18%, signal=30%","6883/2967/5431/5433/6873/2957/2068/54457/902/6878/2960/2965/51616/5437/6880/1022/5435"
"R-HSA-167162","RNA Polymerase II HIV Promoter Escape",47,-0.521874192834688,-1.82020945129778,0.000998754770578923,0.00756134890237376,0.00558784211946102,4091,"tags=36%, list=18%, signal=30%","6883/2967/5431/5433/6873/2957/2068/54457/902/6878/2960/2965/51616/5437/6880/1022/5435"
"R-HSA-73776","RNA Polymerase II Promoter Escape",47,-0.521874192834688,-1.82020945129778,0.000998754770578923,0.00756134890237376,0.00558784211946102,4091,"tags=36%, list=18%, signal=30%","6883/2967/5431/5433/6873/2957/2068/54457/902/6878/2960/2965/51616/5437/6880/1022/5435"
"R-HSA-73779","RNA Polymerase II Transcription Pre-Initiation And Promoter Opening",47,-0.521874192834688,-1.82020945129778,0.000998754770578923,0.00756134890237376,0.00558784211946102,4091,"tags=36%, list=18%, signal=30%","6883/2967/5431/5433/6873/2957/2068/54457/902/6878/2960/2965/51616/5437/6880/1022/5435"
"R-HSA-75953","RNA Polymerase II Transcription Initiation",47,-0.521874192834688,-1.82020945129778,0.000998754770578923,0.00756134890237376,0.00558784211946102,4091,"tags=36%, list=18%, signal=30%","6883/2967/5431/5433/6873/2957/2068/54457/902/6878/2960/2965/51616/5437/6880/1022/5435"
"R-HSA-76042","RNA Polymerase II Transcription Initiation And Promoter Clearance",47,-0.521874192834688,-1.82020945129778,0.000998754770578923,0.00756134890237376,0.00558784211946102,4091,"tags=36%, list=18%, signal=30%","6883/2967/5431/5433/6873/2957/2068/54457/902/6878/2960/2965/51616/5437/6880/1022/5435"
"R-HSA-68875","Mitotic Prophase",137,-0.387137393409264,-1.60570542927293,0.000994953295968689,0.00756134890237376,0.00558784211946102,3942,"tags=26%, list=17%, signal=22%","54892/8338/79023/23310/2029/8021/891/5903/2010/5578/55766/102724334/8335/29781/10762/4001/8365/221496/57122/983/3014/9133/4928/53371/84930/5594/64689/79902/128312/8480/23175/81929/23511/255919/129401/8334"
"R-HSA-983169","Class I MHC mediated antigen processing & presentation",370,-0.309816460291312,-1.43781427046439,0.00101700650830577,0.00766453086714075,0.00566409366348285,5089,"tags=33%, list=23%, signal=26%","4734/6049/63893/821/23608/5688/10952/1536/9604/5683/51465/3135/9616/7326/11059/140458/7317/79176/81559/200845/79791/2209/7316/55905/9690/6502/23643/51444/51752/11146/5694/144699/83737/55236/10517/5707/8697/11047/91694/5719/8881/122769/64410/22863/126433/57520/5700/5718/84541/10533/84085/89122/151636/5690/80196/5695/9870/5704/991/5689/5709/5692/5685/26224/30849/283807/55284/5687/7064/401036/55175/390594/8453/26046/51529/5682/5708/899/5686/56658/9039/7337/8678/23014/5701/4688/2923/9554/10422/154881/1147/3134/642/57154/10425/222235/140459/3106/9354/26267/5071/5717/10293/11065/3309/5684/29116/9817/64320/8517/10213/6892/51320/10333/26268/51619/7321/9903/5691/64718/10484"
"R-HSA-390466","Chaperonin-mediated protein folding",90,-0.420866947751185,-1.61041993727735,0.00103622602855398,0.00777403961693439,0.00574502070605779,5614,"tags=42%, list=25%, signal=32%","2787/2629/84261/2785/2790/10574/1457/10383/51807/55970/10517/81027/11328/10528/2784/6950/7278/8841/26224/84790/898/3801/8877/22948/26985/59345/79861/2776/908/10471/9134/5202/10376/10681/10575/7203/55135/10576"
"R-HSA-8979227","Triglyceride metabolism",35,-0.554497803046889,-1.79387180900462,0.00107328961726037,0.00801582966404368,0.00592370371973007,3967,"tags=46%, list=18%, signal=38%","11343/150379/2170/8228/150763/80168/51099/2172/84649/23175/857/5567/2820/57678/2167/2171"
"R-HSA-76066","RNA Polymerase III Transcription Initiation From Type 2 Promoter",27,-0.605425966555459,-1.82675311177073,0.00107918183744704,0.00802369276451653,0.00592951455647085,2973,"tags=44%, list=13%, signal=39%","9330/2976/171568/11128/10622/9533/9329/10623/27297/5437/55703/5435"
"R-HSA-9013507","NOTCH3 Activation and Transmission of Signal to the Nucleus",25,0.625057027981935,1.77796833858503,0.00112574464994141,0.00833252066786992,0.00615773859272464,1915,"tags=36%, list=8%, signal=33%","9148/182/54567/4854/28514/57534/83464/3714/142678"
"R-HSA-5610783","Degradation of GLI2 by the proteasome",47,-0.518489957413402,-1.80840580707889,0.00114850702619015,0.0084632206641034,0.00625432598121793,4093,"tags=51%, list=18%, signal=42%","7316/5694/5707/11047/5719/5700/5718/5690/5695/5704/5689/5709/5692/5685/5687/5682/5708/5686/5701/5717/5684/10213/5691/5567"
"R-HSA-112310","Neurotransmitter release cycle",51,0.518144245541434,1.74137402340512,0.00118595792012157,0.00870052314850249,0.0064296926829134,3958,"tags=43%, list=18%, signal=36%","140679/8573/8825/6572/57030/6511/6507/1103/10815/27165/22999/6616/6853/6571/6854/320/10497/2571/9256/8497/6844/60482"
"R-HSA-3560801","Defective B3GAT3 causes JDSSDHD",20,0.666457774714507,1.84990677988696,0.00120771402186629,0.00877670762999571,0.00648599306794172,4658,"tags=60%, list=21%, signal=48%","221914/633/2262/1463/10675/2719/1634/2239/6383/1464/9672/2817"
"R-HSA-8849932","Synaptic adhesion-like molecules",21,0.648937784907144,1.81634429044943,0.00121136725813771,0.00877670762999571,0.00648599306794172,4664,"tags=67%, list=21%, signal=53%","2904/2902/2892/57622/78999/1742/2903/2906/1739/1741/10211/57497/2893/5802"
"R-HSA-199992","trans-Golgi Network Vesicle Budding",72,-0.460137973026539,-1.71542152125002,0.00121222318894392,0.00877670762999571,0.00648599306794172,5225,"tags=39%, list=23%, signal=30%","81567/10717/10053/152503/11154/9026/388552/8729/7163/8907/164/2495/2512/10618/1522/9685/7164/1213/55330/7037/23557/6845/5878/1362/9146/4074/3312/1174"
"R-HSA-72202","Transport of Mature Transcript to Cytoplasm",83,-0.43238503212292,-1.64397223600425,0.00122714224681779,0.00884609497923429,0.00653727036748697,6319,"tags=43%, list=28%, signal=31%","8683/7307/102724594/53981/84321/9972/8086/55110/23636/6426/7884/7919/55339/80145/348995/22916/6428/23279/9984/79023/8021/5903/6432/6431/10762/6427/29107/57122/728343/4928/53371/79902/8480/81929/23511/129401"
"R-HSA-1980143","Signaling by NOTCH1",72,0.460488569628444,1.65353550434503,0.0012539611247616,0.00900029240196857,0.0066512223705742,1915,"tags=25%, list=8%, signal=23%","23220/9148/182/3091/54567/55534/84441/408/28514/1840/57534/3280/4851/83464/1387/3714/10013/142678"
"R-HSA-3560783","Defective B4GALT7 causes EDS, progeroid type",20,0.663235724284282,1.8409632381321,0.00129586681778849,0.00926097924091948,0.00684387012661436,4658,"tags=60%, list=21%, signal=48%","221914/633/2262/1463/10675/2719/1634/2239/6383/1464/9672/2817"
"R-HSA-2129379","Molecules associated with elastic fibres",37,0.567305051885311,1.79288977869821,0.00130378668015871,0.00927758933778169,0.0068561449997955,4014,"tags=41%, list=18%, signal=33%","84467/655/4054/652/8076/3696/11117/7040/30008/8425/2200/2201/2199/650/7448"
"R-HSA-73884","Base Excision Repair",88,-0.429096098678064,-1.6321345298513,0.00132333493491958,0.0093764500944302,0.00692920316799997,4583,"tags=36%, list=20%, signal=29%","4968/328/7515/3980/10038/8338/6119/6117/5983/5981/670/8505/23583/7374/55766/102724334/5425/8335/6996/5984/5982/8365/55247/3014/54936/5985/128312/5427/6118/2237/54107/8334"
"R-HSA-379716","Cytosolic tRNA aminoacylation",24,-0.629552578562664,-1.87678451419994,0.00133819268419515,0.00944137646976831,0.00697718380471736,1957,"tags=58%, list=9%, signal=53%","1615/4141/51520/8565/9521/7965/10056/4677/2058/2617/3735/9255/5917/7407"
"R-HSA-70326","Glucose metabolism",83,-0.429246768570984,-1.63204023613063,0.00134883965882461,0.00947617014547118,0.00700289635536058,4248,"tags=31%, list=19%, signal=26%","23279/2597/5208/79023/8021/2645/57818/5903/669/3098/2023/10762/57122/10007/219855/4928/53371/79902/8480/5209/132789/5567/80201/81929/23511/129401"
"R-HSA-9659379","Sensory processing of sound",74,0.457033133714058,1.64499899187,0.00142407665770044,0.00996252784163433,0.00736231503248197,2197,"tags=26%, list=10%, signal=23%","53405/8573/6855/64072/5962/124590/8927/9254/64787/491/2934/4354/259236/117531/9132/494513/6616/6853/10083"
"R-HSA-5619115","Disorders of transmembrane transporters",163,-0.359285212033538,-1.52405327079807,0.0014448507432663,0.0100653887913257,0.00743832934613875,3835,"tags=34%, list=17%, signal=28%","5694/79023/6584/26503/8021/2645/5707/6566/11047/5719/10479/8647/5903/5700/6514/5718/5690/5695/5704/5689/5709/1244/5692/5685/5687/6569/3098/10559/123041/10762/5682/5708/7415/5686/6559/57122/5701/6557/4928/5717/53371/51009/7355/5684/79902/10213/8480/5691/81929/23511/27248/6005/129401/10060/10613"
"R-HSA-399719","Trafficking of AMPA receptors",31,0.588176250946918,1.79554916868891,0.0015085549126195,0.0104216001880131,0.00770156981705746,2458,"tags=35%, list=11%, signal=32%","4905/80852/2892/815/5582/1742/59283/7102/817/816/1739"
"R-HSA-399721","Glutamate binding, activation of AMPA receptors and synaptic plasticity",31,0.588176250946918,1.79554916868891,0.0015085549126195,0.0104216001880131,0.00770156981705746,2458,"tags=35%, list=11%, signal=32%","4905/80852/2892/815/5582/1742/59283/7102/817/816/1739"
"R-HSA-373753","Nephrin family interactions",23,0.636120431068785,1.80945446473815,0.0015543474406933,0.0106933944260145,0.007902425948753,2602,"tags=30%, list=12%, signal=27%","84063/8573/2534/88/5296/5295/8976"
"R-HSA-1834949","Cytosolic sensors of pathogen-associated DNA",64,-0.467684775497144,-1.70231546816499,0.00160188605029255,0.0109749052536572,0.00811046264697924,3079,"tags=31%, list=14%, signal=27%","7520/5591/8737/171568/11128/10622/1147/81844/9533/10623/4793/27297/8517/5437/55703/115004/28512/2547/147945/5435"
"R-HSA-2995410","Nuclear Envelope (NE) Reassembly",75,-0.44527212010404,-1.68311134179618,0.00162309415899499,0.011074444920221,0.00818402253008522,4723,"tags=41%, list=21%, signal=33%","348995/25978/5901/10383/51807/23279/100526767/79023/81027/891/2010/5905/7278/5520/84790/7329/92421/4001/221496/57122/79861/983/9133/4928/53371/79902/10376/1104/81929/23511/129401"
"R-HSA-69166","Removal of the Flap Intermediate",14,-0.724055185858357,-1.85971999060287,0.00163305336575032,0.0110967314771067,0.00820049231118798,3627,"tags=64%, list=16%, signal=54%","6119/6117/23649/5425/1763/5557/5558/6118/2237"
"R-HSA-9609736","Assembly and cell surface presentation of NMDA receptors",41,0.547440358188636,1.76155173667906,0.00166767188287994,0.0112857142114895,0.00834015068387647,2997,"tags=44%, list=13%, signal=38%","8573/8825/2904/2902/815/10382/1742/112714/88/4747/817/2903/2906/816/1739/320/1741/84617"
"R-HSA-2691230","Signaling by NOTCH1 HD Domain Mutants in Cancer",15,0.715413304529212,1.84351180655942,0.00176575403713958,0.0117104807743097,0.00865405347044409,1915,"tags=53%, list=8%, signal=49%","9148/182/54567/28514/57534/4851/3714/142678"
"R-HSA-2691232","Constitutive Signaling by NOTCH1 HD Domain Mutants",15,0.715413304529212,1.84351180655942,0.00176575403713958,0.0117104807743097,0.00865405347044409,1915,"tags=53%, list=8%, signal=49%","9148/182/54567/28514/57534/4851/3714/142678"
"R-HSA-9662361","Sensory processing of sound by outer hair cells of the cochlea",53,0.500362672791382,1.69533643530851,0.00176212159549823,0.0117104807743097,0.00865405347044409,2197,"tags=26%, list=10%, signal=24%","53405/8573/64072/5962/124590/64787/491/2934/4354/259236/117531/9132/494513/10083"
"R-HSA-211000","Gene Silencing by RNA",133,-0.377280811024456,-1.55886848021159,0.00174580315269522,0.0117104807743097,0.00865405347044409,2544,"tags=20%, list=11%, signal=17%","55766/102724334/11022/8335/283/10762/8365/29102/57122/136991/3014/4928/53371/79902/128312/8480/5437/57510/81929/26523/23511/7247/55124/129401/5435/8334"
"R-HSA-983168","Antigen processing: Ubiquitination & Proteasome degradation",294,-0.310367959811568,-1.41380502599798,0.00175963385684011,0.0117104807743097,0.00865405347044409,5089,"tags=34%, list=23%, signal=27%","4734/6049/63893/23608/5688/9604/5683/51465/9616/7326/11059/140458/7317/79176/81559/200845/79791/7316/55905/9690/6502/51444/11146/5694/144699/83737/55236/10517/5707/8697/11047/91694/5719/8881/122769/64410/126433/57520/5700/5718/84541/10533/84085/89122/151636/5690/80196/5695/9870/5704/991/5689/5709/5692/5685/26224/283807/55284/5687/7064/401036/55175/390594/8453/26046/51529/5682/5708/899/5686/56658/9039/7337/23014/5701/10422/154881/642/57154/10425/222235/140459/9354/26267/5071/5717/10293/11065/5684/29116/9817/64320/10213/51320/26268/51619/7321/9903/5691/64718"
"R-HSA-5696397","Gap-filling DNA repair synthesis and ligation in GG-NER",25,-0.612043096407019,-1.84746487580652,0.0017759529699099,0.0117311953151817,0.0086693615306149,4368,"tags=56%, list=19%, signal=45%","7515/3980/7316/6119/6117/5983/5981/5425/5984/5982/5985/5427/6118/54107"
"R-HSA-6782315","tRNA modification in the nucleus and cytosol",44,-0.534314245626494,-1.83482731760826,0.00179156611890497,0.011787367560097,0.00871087285883617,5927,"tags=52%, list=26%, signal=39%","54482/55253/1787/23536/54802/9836/91801/129450/113179/10785/84520/79691/80324/63892/54888/54920/2058/54517/90353/348180/4234/55644/115708"
"R-HSA-70171","Glycolysis",72,-0.452787419824121,-1.68801822507434,0.00182341618324105,0.011902456818164,0.00879592390092245,4248,"tags=33%, list=19%, signal=27%","23279/2597/5208/79023/8021/2645/5903/669/3098/2023/10762/57122/10007/4928/53371/79902/8480/5209/132789/5567/80201/81929/23511/129401"
"R-HSA-3108214","SUMOylation of DNA damage response and repair proteins",77,-0.440842144188107,-1.66953767362078,0.00181983056644642,0.011902456818164,0.00879592390092245,3782,"tags=32%, list=17%, signal=27%","10274/79023/8021/6117/5903/672/286053/54780/8243/7329/6996/84733/10762/1069/57122/165918/4928/53371/79902/8480/1912/81929/23511/7518/129401"
"R-HSA-8957275","Post-translational protein phosphorylation",107,0.416644252555567,1.61634863577314,0.00186621058705013,0.0121340280522711,0.00896705520464956,3216,"tags=29%, list=14%, signal=25%","720/57719/721/29106/91851/1435/3487/652/7857/3488/10232/3371/3270/2153/4241/718/56975/3490/348/2200/7425/2719/11098/2621/51246/3913/335/3698/8720/6383/5589"
"R-HSA-442982","Ras activation upon Ca2+ influx through NMDA receptor",21,0.629131304025587,1.76090694452843,0.00194426502224995,0.0125921539331657,0.00930561055057131,3452,"tags=67%, list=15%, signal=57%","2904/2902/815/1742/808/88/4747/817/2906/816/1739/1741/3265/1740"
"R-HSA-9734767","Developmental Cell Lineages",118,0.397057673437908,1.56057478812637,0.00198981558384615,0.0128370203813888,0.00948656702681513,4096,"tags=34%, list=18%, signal=28%","3861/1281/3910/1358/3691/1301/1278/2255/28514/2247/3963/653499/3911/6928/50509/1357/63036/2249/3872/11005/25818/27232/5967/256297/3175/6662/3913/7980/64321/3855/8626/23436/343/5650/3655/26018/3651/1464/7448/1080"
"R-HSA-2979096","NOTCH2 Activation and Transmission of Signal to the Nucleus",23,0.629160635555532,1.7896572181005,0.00202976221845218,0.0130439758069524,0.00963950723083775,1956,"tags=39%, list=9%, signal=36%","9148/182/54567/28514/57534/83464/3714/142678/4192"
"R-HSA-199977","ER to Golgi Anterograde Transport",153,-0.367470320668406,-1.54354200717603,0.00206789417238346,0.0132377163622077,0.00978268163647369,5205,"tags=34%, list=23%, signal=26%","22818/4253/55860/10282/830/8655/5265/254263/10383/51807/23256/8729/10959/89866/26958/3998/81027/287/829/23423/374/51164/1522/10652/7278/84790/2890/9919/11015/381/27095/1780/378/9554/11014/79861/11196/149111/100302736/10113/54732/90411/64689/10376/26984/128637/10671/6708/10121/10466/81562/10484"
"R-HSA-1296072","Voltage gated Potassium channels",43,0.526751820814689,1.71149647556179,0.00207600493884125,0.0132385238023031,0.0097832783352681,3210,"tags=37%, list=14%, signal=32%","3736/3750/3785/3746/90134/3743/3752/3745/3748/3737/9132/3754/3757/3790/9312/3742"
"R-HSA-5607764","CLEC7A (Dectin-1) signaling",85,-0.424903605046371,-1.62190388006734,0.00209951009099433,0.0133371177427916,0.009856139326144,4093,"tags=41%, list=18%, signal=34%","7316/10768/5694/5707/11047/5719/5534/805/841/5971/5700/5718/5690/5695/5704/5689/5709/5692/5685/5687/5682/5708/5686/10454/9039/5701/1147/9020/5717/5684/8517/10213/7321/5691/4773"
"R-HSA-2022870","Chondroitin sulfate biosynthesis",20,0.649660990072759,1.80328344234336,0.0021438743310726,0.0134713858540743,0.00995536355415051,3970,"tags=60%, list=18%, signal=50%","79586/633/55790/55454/1463/55501/10675/337876/1634/9469/51363/1464"
"R-HSA-9020702","Interleukin-1 signaling",101,-0.406147977300375,-1.59727491659604,0.00214502163177057,0.0134713858540743,0.00995536355415051,3835,"tags=33%, list=17%, signal=27%","5694/5707/11047/5719/841/5700/5718/5690/5695/5704/5689/5709/5692/5685/79155/5687/5682/5708/5686/10454/5701/1147/6285/5717/5684/4793/7186/8517/10213/3552/5691/8878/28512"
"R-HSA-5578749","Transcriptional regulation by small RNAs",101,-0.405774874203549,-1.59580759864502,0.00214502163177057,0.0134713858540743,0.00995536355415051,4248,"tags=26%, list=19%, signal=21%","23279/5431/8338/5433/79023/8021/5903/55766/102724334/8335/10762/8365/57122/3014/4928/53371/79902/128312/8480/5437/81929/26523/23511/129401/5435/8334"
"R-HSA-3299685","Detoxification of Reactive Oxygen Species",38,-0.531633897626186,-1.75930875272872,0.00215938561591189,0.0135104201931393,0.00998420995797992,6356,"tags=55%, list=28%, signal=40%","6648/10587/538/134826889/1536/475/54205/6647/50507/2877/79400/2882/2878/10935/7295/257202/5052/4688/2936/2880/30001"
"R-HSA-8853659","RET signaling",40,0.527028027948223,1.67955512913478,0.00224838968730706,0.0140143988780267,0.0103566505580745,6309,"tags=55%, list=28%, signal=40%","9846/2675/2886/5979/55816/5335/8503/5296/5295/2676/220164/2668/8660/53358/64096/6654/5566/10818/6714/4902/55715/5568"
"R-HSA-113510","E2F mediated regulation of DNA replication",22,-0.626508436661247,-1.82880610738178,0.0023807582448542,0.0147838845317164,0.0109253009935355,4086,"tags=55%, list=18%, signal=45%","23595/891/23649/4998/7027/1869/983/5557/5001/23594/84515/5558"
"R-HSA-9705671","SARS-CoV-2 activates/modulates innate and adaptive immune responses",118,-0.382410176014763,-1.54196890112838,0.00239015993022298,0.0147868849414541,0.0109275182984271,4723,"tags=29%, list=21%, signal=23%","348995/3135/3454/23279/3716/3326/7316/79023/8021/5903/22863/89122/30849/10762/10454/57122/8678/7555/1147/3134/9868/3106/114548/4928/53371/79902/3838/8517/8480/81929/23511/129401/10146/10484"
"R-HSA-202403","TCR signaling",100,-0.399936825971092,-1.57460110327049,0.00242028341434708,0.0149175832750463,0.0110241044582274,6411,"tags=49%, list=28%, signal=35%","3120/387522/5063/7334/6500/5705/5336/3127/7322/3702/5970/3123/5688/5170/5683/7408/7316/5694/5707/11047/915/5719/5700/5718/5690/55824/5695/5704/5689/5709/5692/5685/5687/916/5682/3117/5708/5686/5701/1147/5717/5684/8517/10213/7321/5691/919/2533/50852"
"R-HSA-73780","RNA Polymerase III Chain Elongation",18,-0.656379932298409,-1.81797240727304,0.00250019976245521,0.0152826770961161,0.0112939090469679,2649,"tags=50%, list=12%, signal=44%","171568/11128/10622/9533/10623/27297/5437/55703/5435"
"R-HSA-606279","Deposition of new CENPA-containing nucleosomes at the centromere",70,-0.444924493476091,-1.64938497427901,0.00250717018705885,0.0152826770961161,0.0112939090469679,2701,"tags=24%, list=12%, signal=21%","55355/55766/54069/102724334/8335/8365/79019/23421/11339/3014/1058/4869/2491/128312/55166/79682/8334"
"R-HSA-774815","Nucleosome assembly",70,-0.444924493476091,-1.64938497427901,0.00250717018705885,0.0152826770961161,0.0112939090469679,2701,"tags=24%, list=12%, signal=21%","55355/55766/54069/102724334/8335/8365/79019/23421/11339/3014/1058/4869/2491/128312/55166/79682/8334"
"R-HSA-3371497","HSP90 chaperone cycle for steroid hormone receptors (SHR) in the presence of ligand",53,-0.476993316906202,-1.68705834920093,0.0025423117076048,0.0154401201875779,0.0114102596015114,5438,"tags=49%, list=24%, signal=37%","347688/55860/830/8655/10383/51807/3326/2289/3337/81027/3303/829/51164/7278/3301/84790/10963/1780/10728/79861/10376/55466/10671/3312/10121/3305"
"R-HSA-6811558","PI5P, PP2A and IER3 Regulate PI3K/AKT Signaling",113,0.399343481044647,1.55378931490831,0.00256680684847554,0.0155319918057389,0.0114781527914926,4192,"tags=31%, list=19%, signal=25%","9846/5595/5526/5155/4916/2534/2254/4909/4915/3667/4254/627/4908/8822/2255/2247/8396/8503/90865/2249/5296/2263/2261/5295/685/9542/207/8823/23396/940/8395/8660/10718/5154/8817"
"R-HSA-9662360","Sensory processing of sound by inner hair cells of the cochlea",67,0.46170622995522,1.62946174874367,0.00261071664880411,0.0157220726052222,0.0116186226350572,4160,"tags=36%, list=18%, signal=29%","53405/8573/6855/64072/5962/124590/8927/9254/64787/491/259236/117531/9132/494513/6616/6853/10083/4641/9381/27445/4627/6844/83715/3778"
"R-HSA-948021","Transport to the Golgi and subsequent modification",184,-0.343557921447632,-1.48193673188304,0.00261718458325774,0.0157220726052222,0.0116186226350572,5205,"tags=33%, list=23%, signal=25%","22818/4253/8704/55860/10282/830/8655/5265/25834/254263/10383/51807/23256/4121/8729/10959/89866/26958/3998/81027/287/829/23423/374/51164/1522/79694/10652/7278/84790/2890/9919/11015/10905/381/27095/1780/8703/378/9554/11014/79861/11196/149111/100302736/10113/9334/54732/90411/64689/10376/26984/128637/10671/6708/10121/10466/4247/81562/10484"
"R-HSA-163560","Triglyceride catabolism",23,-0.609215410946693,-1.80733396961049,0.00262963541657286,0.0157398394248296,0.0116317523271549,3967,"tags=48%, list=18%, signal=39%","11343/150379/2170/8228/51099/2172/857/5567/2820/2167/2171"
"R-HSA-1169410","Antiviral mechanism by IFN-stimulated genes",148,-0.368867036174917,-1.54205466460353,0.00268210239358691,0.015996135858155,0.0118211555703717,4819,"tags=34%, list=21%, signal=27%","378708/2316/348995/10383/51807/23279/3716/7316/2187/79023/8021/81027/5903/3303/6622/1981/1973/7278/84790/5771/7329/10762/1965/57697/2189/8877/57122/8678/1147/79861/6059/2175/3608/983/91442/54920/4928/53371/4869/79902/3838/8517/3841/8480/10376/81929/23511/129401/3312/3305/402569"
"R-HSA-1234176","Oxygen-dependent proline hydroxylation of Hypoxia-inducible Factor Alpha",53,-0.476170896861069,-1.68414956504292,0.00270501629046876,0.0160749713605634,0.0118794150617077,4093,"tags=47%, list=18%, signal=39%","7316/5694/5707/11047/5719/5700/5718/5690/5695/5704/5689/5709/5692/5685/5687/8453/5682/5708/5686/5701/5717/5684/10213/7321/5691"
"R-HSA-2990846","SUMOylation",188,-0.332985127314446,-1.4354228094401,0.00272906920271321,0.0161599883503518,0.0119422426765345,4551,"tags=29%, list=20%, signal=24%","10054/10210/7020/3619/10401/4152/23279/5987/10055/10274/79023/5465/8021/6117/5903/5905/1616/672/59343/286053/54780/7022/55143/8243/7329/6996/84733/10762/1069/57591/2099/332/8365/57122/7153/51602/28996/165918/4928/53371/4869/83746/6790/79902/8517/4929/8480/1789/4286/1912/81929/23511/7518/129401/7421"
"R-HSA-379724","tRNA Aminoacylation",42,-0.497009431172645,-1.6882629673036,0.00279724833517268,0.0165047606395598,0.0121970296390373,5164,"tags=48%, list=23%, signal=37%","1615/92935/4141/23395/57505/51520/8565/57176/51067/9521/7965/10056/4677/2058/2617/3735/9255/124454/5917/7407"
"R-HSA-9614657","FOXO-mediated transcription of cell death genes",16,0.675540500559323,1.78097416285286,0.00281468894473475,0.016548774008405,0.0122295555493514,3366,"tags=50%, list=15%, signal=43%","4800/4802/4303/27113/10370/1387/2309/10018"
"R-HSA-176974","Unwinding of DNA",12,-0.728808514165508,-1.79528169870473,0.00305843520386642,0.0177036892482041,0.0130830387181192,4999,"tags=92%, list=22%, signal=71%","4172/4174/4175/84296/4176/4173/8318/84515/51659/9837/64785"
"R-HSA-174417","Telomere C-strand (Lagging Strand) Synthesis",34,-0.543789690084484,-1.74594633565288,0.00305062882143479,0.0177036892482041,0.0130830387181192,3627,"tags=47%, list=16%, signal=40%","54921/6119/6117/5983/5981/23649/5425/5984/5982/79075/1763/5557/5985/5558/6118/2237"
"R-HSA-70635","Urea cycle",10,0.767223552189948,1.72908502382807,0.00302877985704666,0.0177036892482041,0.0130830387181192,3088,"tags=50%, list=14%, signal=43%","384/10166/162417/1373/445"
"R-HSA-5687128","MAPK6/MAPK4 signaling",76,-0.436783386013642,-1.65069124410702,0.0030645107444117,0.0177036892482041,0.0130830387181192,4093,"tags=42%, list=18%, signal=35%","7316/7514/4609/5694/3337/5707/11047/5719/5700/5718/5690/5695/5704/896/5689/5709/5692/5685/5687/5682/5708/5686/8550/5701/5597/983/5717/5684/10213/5691/5567/26523"
"R-HSA-432722","Golgi Associated Vesicle Biogenesis",56,-0.461747772176054,-1.64937889375899,0.00304386467770655,0.0177036892482041,0.0130830387181192,5225,"tags=41%, list=23%, signal=32%","81567/10717/10053/152503/9026/388552/7163/8907/164/2495/2512/10618/9685/7164/1213/55330/7037/23557/6845/5878/1362/3312/1174"
"R-HSA-110313","Translesion synthesis by Y family DNA polymerases bypasses lesions on DNA template",39,-0.519071331478427,-1.73716063916411,0.00313252368371076,0.0180337648180293,0.0133269647947344,4093,"tags=41%, list=18%, signal=34%","7316/124739/55666/6119/6117/5983/5981/5425/5984/5982/7415/9768/5985/5427/6118/54107"
"R-HSA-391251","Protein folding",96,-0.405525844972689,-1.57784217980487,0.00314650816444161,0.0180515935524021,0.0133401402418869,3996,"tags=42%, list=18%, signal=34%","2787/2629/84261/2785/2790/10574/1457/10383/51807/55970/6903/10517/81027/11328/10528/2784/6950/7278/8841/26224/84790/898/3801/6905/8877/22948/26985/59345/79861/2776/908/10471/9134/5202/10376/10681/10575/7203/55135/10576"
"R-HSA-5668541","TNFR2 non-canonical NF-kB pathway",89,-0.408978476762068,-1.56225069673082,0.00321834625038777,0.0184000623556652,0.0135976589308579,4093,"tags=39%, list=18%, signal=32%","7316/939/5694/51330/5707/11047/5719/5971/5700/356/5718/5690/5695/5704/5689/5709/5692/5685/8784/4049/5687/5682/5708/5686/9039/5701/1147/9020/5717/5684/7186/10213/944/5691/3604"
"R-HSA-76005","Response to elevated platelet cytosolic Ca2+",132,0.388215160921859,1.55007767126792,0.00323709828681868,0.0184436734004995,0.0136298875234471,3176,"tags=21%, list=14%, signal=18%","6414/3699/1/3671/7123/29106/5155/22915/2162/7094/5582/7040/2153/2157/5099/808/88/3920/7078/5919/6403/2244/2621/7423/1675/3674/335/2"
"R-HSA-4570464","SUMOylation of RNA binding proteins",47,-0.487300700796547,-1.69962292328733,0.00335211365442201,0.0190335768459989,0.014065826581641,3765,"tags=47%, list=17%, signal=39%","3183/9972/8086/23636/348995/23279/79023/8021/5903/7329/84733/10762/57122/51602/4928/53371/79902/8480/1912/81929/23511/129401"
"R-HSA-75067","Processing of Capped Intronless Pre-mRNA",29,-0.559064095526418,-1.73422376752521,0.00338407491433061,0.019149475112492,0.014151475481519,5052,"tags=48%, list=22%, signal=38%","7884/84967/55339/6637/22916/79869/6634/6628/11051/1477/1478/23283/10978/134353"
"R-HSA-69091","Polymerase switching",14,-0.707443614058044,-1.81705352987481,0.00343578838186587,0.0192450578957217,0.0142221112250778,3450,"tags=64%, list=15%, signal=55%","5983/5981/23649/5425/5984/5982/5557/5985/5558"
"R-HSA-69109","Leading Strand Synthesis",14,-0.707443614058044,-1.81705352987481,0.00343578838186587,0.0192450578957217,0.0142221112250778,3450,"tags=64%, list=15%, signal=55%","5983/5981/23649/5425/5984/5982/5557/5985/5558"
"R-HSA-201556","Signaling by ALK",30,0.57587085662243,1.74559981780056,0.00341918675271065,0.0192450578957217,0.0142221112250778,5661,"tags=53%, list=25%, signal=40%","3091/3667/5335/389658/4192/5296/5295/4613/285016/25942/3066/5764/1786/6774/10818/6714"
"R-HSA-2871837","FCERI mediated NF-kB activation",65,-0.444234260274713,-1.62235759850935,0.00345243134653529,0.0192731689311633,0.014242885299901,4093,"tags=43%, list=18%, signal=35%","7316/5694/5707/11047/5719/5700/5718/5690/5695/5704/5689/5709/5692/5685/5687/5682/5708/5686/10454/10125/5701/1147/5717/5684/8517/10213/7321/5691"
"R-HSA-5688426","Deubiquitination",266,-0.308160249451531,-1.38346768498048,0.00357431584066316,0.0198866297443608,0.0146962332692756,4093,"tags=29%, list=18%, signal=24%","7316/317772/57646/6502/8338/4609/100287327/3054/5694/5707/9738/11047/5719/7416/5700/84132/5718/89122/5690/377630/5695/5704/991/8737/79184/672/5689/55432/5709/5692/5685/54617/79155/5687/8335/387/5682/5708/7415/5686/2099/10454/86/7048/79913/93624/8678/5701/80351/983/9868/114548/57695/5071/5717/51616/126119/7347/5684/9146/9817/7186/8517/10213/128312/7345/7321/5691/51651/3416/55252/9929/63967/9577/993/8334"
"R-HSA-69183","Processive synthesis on the lagging strand",15,-0.700610490029026,-1.83249864889744,0.003821086206229,0.0211884980934036,0.0156583148884019,3627,"tags=60%, list=16%, signal=50%","6119/6117/23649/5425/1763/5557/5558/6118/2237"
"R-HSA-381426","Regulation of Insulin-like Growth Factor (IGF) transport and uptake by Insulin-like Growth Factor Binding Proteins (IGFBPs)",124,0.39515030889836,1.56681362765355,0.00383700185981811,0.0212058302785948,0.0156711233853624,4129,"tags=31%, list=18%, signal=26%","720/1511/57719/721/29106/91851/1435/3487/652/7857/3488/10232/3371/3270/2153/4241/4312/718/56975/3490/348/2200/7425/2719/11098/2621/51246/3913/335/3698/8720/6383/5589/84141/1000/26085/3481/4313/3817"
"R-HSA-5633007","Regulation of TP53 Activity",160,-0.335355592146994,-1.41787223493292,0.00412009516480891,0.0226947434659574,0.0167714312706332,4093,"tags=28%, list=18%, signal=23%","7316/8851/5931/5571/11200/5457/6119/6873/6749/6117/1111/5983/144715/83695/54457/5810/80196/1616/672/51422/5984/7156/5982/6878/8550/22974/1108/28996/1763/5565/983/3364/2475/51616/26155/6790/5985/9156/83990/5884/5932/6880/7161/6118"
"R-HSA-156711","Polo-like kinase mediated events",16,-0.652965757887195,-1.74329681670876,0.00417136477516105,0.0228556316529273,0.0168903277531632,4056,"tags=56%, list=18%, signal=46%","132660/891/286826/4605/995/9133/9088/993/7465"
"R-HSA-451306","Ionotropic activity of kainate receptors",12,0.710295025781636,1.68997425877264,0.00419065863841369,0.0228556316529273,0.0168903277531632,2661,"tags=58%, list=12%, signal=51%","2901/2899/1742/2897/808/1739/1741"
"R-HSA-451308","Activation of Ca-permeable Kainate Receptor",12,0.710295025781636,1.68997425877264,0.00419065863841369,0.0228556316529273,0.0168903277531632,2661,"tags=58%, list=12%, signal=51%","2901/2899/1742/2897/808/1739/1741"
"R-HSA-211999","CYP2E1 reactions",10,0.758995678573068,1.71054193686432,0.00426490259066905,0.0231085244945401,0.0170772157397275,4322,"tags=70%, list=19%, signal=57%","1571/1549/1548/29785/1557/1559/1565"
"R-HSA-1474228","Degradation of the extracellular matrix",139,0.370622681045362,1.48310880267686,0.00426040426094273,0.0231085244945401,0.0170772157397275,4644,"tags=35%, list=21%, signal=28%","84467/4811/1511/11096/826/1281/4324/222663/176/1298/1301/1278/56999/7373/4326/827/4312/5654/50859/4323/3911/136227/50509/80781/726/7092/4321/1295/2200/7177/1634/2201/2/1310/1291/5663/1294/7077/5650/823/4313/3817/1290/1504/7093/5340/682/440387/101"
"R-HSA-186712","Regulation of beta-cell development",40,0.512953387841765,1.63470147291926,0.00431512504961539,0.0233044864243072,0.0172220317426789,4457,"tags=48%, list=20%, signal=38%","55534/84441/50674/2255/6927/6928/3280/4851/1387/4821/389692/256297/3175/207/2494/3651/4760/5080/3174"
"R-HSA-399956","CRMPs in Sema3A signaling",16,0.659515641370941,1.73872671780074,0.00439223642934523,0.0236439220774493,0.0174728749274021,1471,"tags=38%, list=7%, signal=35%","2534/91584/1400/10570/10371/5362"
"R-HSA-9629569","Protein hydroxylation",20,-0.610067168602423,-1.74895384053298,0.00441812454813081,0.0237063123003265,0.0175189813456797,4865,"tags=50%, list=22%, signal=39%","444/79831/55854/4733/2107/55239/91433/65094/23210/84864"
"R-HSA-373076","Class A/1 (Rhodopsin-like receptors)",314,0.313439766788761,1.38474584773914,0.0045305811696858,0.0242313018688357,0.0179069490034441,4432,"tags=27%, list=20%, signal=22%","3350/1128/1908/2149/9718/3355/6349/414062/1909/887/11255/57007/2532/23596/6755/1906/5173/128674/4829/4923/1812/6866/64106/5734/2840/5539/150/3274/6374/1129/4987/2828/187/553/718/3627/57105/1907/4986/2859/1132/151/5739/6375/4935/155/1131/6347/1813/1238/9283/1524/886/4158/6010/6915/64748/9934/2841/5995/6754/388372/94233/5021/84539/5732/51554/3973/154/163404/4985/3972/8484/84109/6752/2847/56413/51289/5028/54886/5697/2925/58191/6363"
"R-HSA-264642","Acetylcholine Neurotransmitter Release Cycle",17,0.661900222782063,1.76190535805149,0.0045587361028043,0.0242952718753418,0.0179542228829267,5901,"tags=82%, list=26%, signal=61%","6572/1103/10815/22999/6616/10497/9256/8497/6844/60482/6812/8541/5864/8500"
"R-HSA-936837","Ion transport by P-type ATPases",57,0.463860272295849,1.60296200447663,0.00457184850730196,0.0242952718753418,0.0179542228829267,3032,"tags=30%, list=13%, signal=26%","53822/23120/5348/482/481/815/491/10079/808/53826/817/540/487/816/478/374868/5349"
"R-HSA-5656169","Termination of translesion DNA synthesis",32,-0.533079419986009,-1.68389535599452,0.00465981626301762,0.0246326711488314,0.0182035611816645,4093,"tags=44%, list=18%, signal=36%","7316/124739/6119/6117/5983/5981/5425/5984/5982/9768/5985/5427/6118/54107"
"R-HSA-210500","Glutamate Neurotransmitter Release Cycle",24,0.584247008510314,1.66563246689496,0.00467401212948004,0.0246326711488314,0.0182035611816645,6226,"tags=79%, list=28%, signal=57%","57030/6511/6507/10815/27165/22999/6616/10497/9256/8497/6844/6812/6505/8541/5864/6512/54407/8500/6506"
"R-HSA-114608","Platelet degranulation",127,0.389564239933401,1.54526765383987,0.00467991038111092,0.0246326711488314,0.0182035611816645,3176,"tags=21%, list=14%, signal=18%","6414/3699/1/3671/7123/29106/5155/22915/2162/7094/7040/2153/2157/5099/808/88/3920/7078/5919/6403/2244/2621/7423/1675/3674/335/2"
"R-HSA-76046","RNA Polymerase III Transcription Initiation",36,-0.521015367174132,-1.70696914365579,0.00478271637099311,0.0250941257693246,0.0185445764684743,2973,"tags=36%, list=13%, signal=31%","9330/2976/171568/11128/10622/9533/9329/10623/27297/55290/5437/55703/5435"
"R-HSA-9832991","Formation of the posterior neural plate",10,0.754362778053032,1.70010080939474,0.00513973491584669,0.0268822728406114,0.0198660184029406,4240,"tags=70%, list=19%, signal=57%","5015/6657/9839/6911/25925/89780/2637"
"R-HSA-9614085","FOXO-mediated transcription",63,0.448737009686453,1.56566331938639,0.00519968833016765,0.0271103246899936,0.0200345488788982,3451,"tags=32%, list=15%, signal=27%","1026/4800/4802/91584/4303/27113/4287/10370/1387/2309/57060/1027/2290/84676/4087/207/10018/25942/10971/3066"
"R-HSA-5696399","Global Genome Nucleotide Excision Repair (GG-NER)",84,-0.405125805902933,-1.54058261274597,0.00522609589342308,0.0271625924492021,0.0200731747894554,4771,"tags=40%, list=21%, signal=32%","142/2967/8451/9557/7515/3980/10401/10038/7316/6119/6117/5983/5981/2068/54617/5425/902/7507/7329/5984/1069/5982/86/79913/2072/2965/10920/5985/10987/8533/1022/5427/6118/54107"
"R-HSA-9909505","Modulation of host responses by IFN-stimulated genes",19,-0.627823270218926,-1.78398322857748,0.00532965565370888,0.0275982048488468,0.0203950926570108,5087,"tags=37%, list=23%, signal=29%","3429/9451/2289/1147/3309/8517/22926"
"R-HSA-5658442","Regulation of RAS by GAPs",55,-0.463655559135746,-1.65758185300206,0.00534319888810604,0.0275982048488468,0.0203950926570108,4093,"tags=53%, list=18%, signal=43%","161742/5688/5683/7316/5694/5707/11047/5719/5700/5718/5690/5695/5704/5689/5709/5692/5685/5687/22821/5682/5708/5686/5922/5701/5717/5684/10213/4893/5691"
"R-HSA-181429","Serotonin Neurotransmitter Release Cycle",18,0.648619781893184,1.76263229513301,0.00551366543534614,0.0283902400366581,0.0209804072139356,5901,"tags=78%, list=26%, signal=58%","10815/22999/6616/6853/6571/6854/10497/9256/8497/6844/6812/8541/5864/8500"
"R-HSA-9925561","Developmental Lineage of Pancreatic Acinar Cells",31,0.545576853046065,1.66550428271403,0.00562261124162988,0.0287741708443658,0.0212641323489568,6055,"tags=52%, list=27%, signal=38%","1358/6928/1357/63036/27232/5967/256297/3175/6662/23436/343/3651/2626/5644/5319/342898"
"R-HSA-382556","ABC-family proteins mediated transport",90,-0.385388931641304,-1.47466562161135,0.00562293809021383,0.0287741708443658,0.0212641323489568,4230,"tags=37%, list=19%, signal=30%","10349/7316/5694/5707/11047/5719/5700/5718/5690/5695/5704/5689/5709/1244/5692/5685/5687/1965/5682/5708/7415/5686/5243/23/5701/5717/51009/5684/10213/5691/27248/10060/10613"
"R-HSA-8941856","RUNX3 regulates NOTCH signaling",14,0.694340691348293,1.74146922560561,0.00564041636489433,0.0287748010245994,0.0212645980525895,1834,"tags=43%, list=8%, signal=39%","182/55534/84441/3280/4851/1387"
"R-HSA-425393","Transport of inorganic cations/anions and amino acids/oligopeptides",109,0.385392934145936,1.49487943655791,0.00573735840982641,0.0291795712990558,0.0215637235680915,2708,"tags=24%, list=12%, signal=21%","140679/57030/56301/6511/10723/123096/6507/6543/55089/10991/10568/284129/9498/57419/6547/117247/808/57468/6521/6528/6558/6553/142680/23428/5172/9187"
"R-HSA-166520","Signaling by NTRKs",134,0.375743768007836,1.50087474911249,0.00595088797010229,0.0301730038361761,0.0222978709068053,2899,"tags=27%, list=13%, signal=24%","5595/6196/2904/4916/2534/4909/4915/3398/25920/3667/6016/5335/627/4908/581/466/25759/5600/5899/6938/2152/429/8941/6300/4914/5296/117/6014/7425/5295/5900/5046/2354/3400/3265/6446"
"R-HSA-210744","Regulation of gene expression in late stage (branching morphogenesis) pancreatic bud precursor cells",16,0.651297962624758,1.71706188273391,0.00600854959341306,0.0303724854447526,0.022445287954855,2817,"tags=50%, list=12%, signal=44%","55534/84441/50674/6928/3280/4851/1387/3175"
"R-HSA-9609690","HCMV Early Events",131,-0.35638105770302,-1.46429330793208,0.00614467104193383,0.0309336777837397,0.0228600094852854,4480,"tags=27%, list=20%, signal=22%","10383/51807/23279/221613/317772/5931/8338/79023/8021/81027/2002/5903/7278/1616/8841/84790/8335/10762/8365/1780/57122/79861/3688/4928/53371/79902/128312/8480/10376/6907/81929/23511/9611/129401/8334"
"R-HSA-195258","RHO GTPase Effectors",320,-0.291037861981692,-1.33230908800296,0.0061568839979699,0.0309336777837397,0.0228600094852854,3133,"tags=20%, list=14%, signal=17%","5578/10163/151648/5905/79784/7278/10627/699/6249/991/999/84790/11243/55766/30849/9183/10810/55143/102724334/83540/8335/387/30851/995/57591/332/8365/1780/57122/114793/4688/79019/79861/10726/3688/3984/23421/3014/1058/4928/11004/1855/5594/5747/55920/2491/79902/9475/128312/10376/7532/29984/81929/5586/55055/11130/55166/54821/79980/79682/103910/8334/220134"
"R-HSA-2219528","PI3K/AKT Signaling in Cancer",112,0.387189069462474,1.50671915661033,0.00622925387426418,0.0312027278656496,0.0230588376837128,4192,"tags=33%, list=19%, signal=27%","9846/5155/1026/4916/2534/2254/4909/4915/3667/4254/627/4908/4303/8822/2255/2247/84335/8503/2249/5296/2263/2261/5295/2309/685/1027/842/9542/7249/207/8823/940/8660/4193/10718/5154/8817"
"R-HSA-1810476","RIP-mediated NFkB activation via ZBP1",17,-0.629484227451782,-1.72141471937609,0.00631457479346901,0.0315348343601555,0.0233042646150854,3893,"tags=59%, list=17%, signal=49%","148022/7098/28511/5970/81030/8737/1147/4793/8517/28512"
"R-HSA-3000170","Syndecan interactions",27,0.572333208367021,1.68746517205352,0.00642445942852181,0.0319872484459134,0.0236385989404122,4423,"tags=48%, list=20%, signal=39%","8573/1281/3691/1278/3371/2247/7040/50509/6383/3655/7448/1290/9672"
"R-HSA-1234174","Cellular response to hypoxia",62,-0.432667075985968,-1.56520399662913,0.00644625864118325,0.0319996910990474,0.0236477940697678,4093,"tags=48%, list=18%, signal=40%","5688/5683/7422/7316/5694/5707/11047/5719/5700/5718/5690/5695/5704/5689/5709/5692/5685/2056/5687/8453/5682/5708/5686/405/5701/5717/5684/10213/7321/5691"
"R-HSA-4419969","Depolymerization of the Nuclear Lamina",15,-0.673900196211395,-1.76263589629944,0.00658835980369463,0.032450884488437,0.0239812262996258,3413,"tags=53%, list=15%, signal=45%","891/2010/5578/4001/221496/983/23175/255919"
"R-HSA-6781823","Formation of TC-NER Pre-Incision Complex",52,-0.457687790091717,-1.61235385253052,0.00659586735380172,0.032450884488437,0.0239812262996258,4900,"tags=40%, list=22%, signal=32%","2074/9716/2967/8451/7316/5431/56949/5433/57461/10450/2068/902/7507/27339/2965/10920/10987/8533/5437/1022/5435"
"R-HSA-76002","Platelet activation, signaling and aggregation",260,0.322728020942434,1.40489113553058,0.00659010259312516,0.032450884488437,0.0239812262996258,2623,"tags=17%, list=12%, signal=15%","6414/3699/2149/1/3671/5595/7123/29106/5155/22915/2534/2162/7094/408/2770/1278/5582/7066/2771/7040/2153/150/1606/8503/2157/2769/10411/1609/5099/808/139189/88/2782/3920/5296/7078/5919/151/6403/2244/5295/2621/7423/1675/6915"
"R-HSA-5578775","Ion homeostasis",56,0.460711981847736,1.57878222075913,0.00675504007320818,0.0331356699449088,0.024487283230191,2435,"tags=32%, list=11%, signal=29%","53822/5348/482/481/815/6543/491/4842/6261/6547/3767/808/53826/817/487/816/844/478"
"R-HSA-3906995","Diseases associated with O-glycosylation of proteins",69,0.433201469642955,1.54040627576062,0.00683465794839564,0.0334273241251916,0.0247028158731021,2365,"tags=25%, list=10%, signal=22%","11173/11096/4584/157869/143662/727897/10071/81794/4582/4854/56999/54507/9719/4851/4583/170689/171019"
"R-HSA-73893","DNA Damage Bypass",48,-0.454478776677924,-1.59081399788813,0.00694409130642256,0.03386265701779,0.025024527184755,4093,"tags=38%, list=18%, signal=31%","7316/124739/55666/6119/6117/5983/5981/56852/5425/5984/51514/5982/7415/9768/5985/5427/6118/54107"
"R-HSA-2424491","DAP12 signaling",30,0.546817706730072,1.65753289693555,0.00700821998530782,0.0340751575825231,0.0251815652504964,2863,"tags=33%, list=13%, signal=29%","54209/22914/100528032/2534/3824/5335/3133/5296/5295/3265"
"R-HSA-76071","RNA Polymerase III Transcription Initiation From Type 3 Promoter",28,-0.531690737369832,-1.63315751290154,0.00727335216101218,0.0352608710028017,0.026057808296147,2649,"tags=36%, list=12%, signal=32%","171568/11128/10622/9533/10623/27297/55290/5437/55703/5435"
"R-HSA-391903","Eicosanoid ligand-binding receptors",15,0.669892925649933,1.7262126797865,0.00741542853457916,0.0358448411379949,0.0264893626338811,5606,"tags=60%, list=25%, signal=45%","5734/2840/57105/5739/6915/5732/56413/1241/5737"
"R-HSA-2172127","DAP12 interactions",40,0.495269336540087,1.57834519300139,0.00744366967979417,0.0358767567706358,0.0265129483086916,3680,"tags=35%, list=16%, signal=29%","54209/22914/100528032/2534/3824/5335/3133/5296/284266/100049587/5295/3265/9436/342510"
"R-HSA-9824272","Somitogenesis",45,-0.483981446676157,-1.67223229364449,0.00760830086931629,0.0365639502647142,0.0270207847807297,4116,"tags=56%, list=18%, signal=46%","145873/5694/5707/11047/5719/5700/5718/5690/5695/5704/5689/5709/5692/5685/5687/5682/5708/5686/5701/51176/5717/3955/5684/10213/5691"
"R-HSA-9909396","Circadian clock",110,-0.364498104448629,-1.45322245733468,0.00764152489057968,0.0366174805450321,0.0270603436952685,4935,"tags=37%, list=22%, signal=29%","56938/5688/5683/1457/9572/79365/7316/5694/5465/5707/11047/5719/8864/5700/5718/5690/5695/5704/8841/5689/5709/5692/5685/26224/5687/9575/5682/5708/5686/5701/1408/150094/5717/8553/5684/5054/10213/7321/6907/5691/9611"
"R-HSA-3108232","SUMO E3 ligases SUMOylate target proteins",182,-0.330533796835557,-1.42831711679451,0.00778579288144712,0.0372012812606321,0.0274917728318048,4528,"tags=29%, list=20%, signal=23%","10210/7020/3619/10401/4152/23279/5987/10274/79023/5465/8021/6117/5903/5905/1616/672/286053/54780/7022/55143/8243/7329/6996/84733/10762/1069/57591/2099/332/8365/57122/7153/51602/28996/165918/4928/53371/4869/83746/6790/79902/8517/4929/8480/1789/4286/1912/81929/23511/7518/129401/7421"
"R-HSA-6807505","RNA polymerase II transcribes snRNA genes",74,-0.398299018542577,-1.49735892554215,0.00804583469890448,0.0383333158930564,0.0283283472157435,6061,"tags=42%, list=27%, signal=31%","5451/5438/2961/51593/8178/904/6882/10302/6877/79035/55726/22916/79871/6619/5431/5433/2957/58490/81556/6878/29101/2960/23379/92105/84524/80789/5437/6880/25896/1022/5435"
"R-HSA-9833482","PKR-mediated signaling",74,-0.398201675985339,-1.49699297749777,0.00812669668196006,0.0386076306552716,0.0285310660165933,3859,"tags=32%, list=17%, signal=27%","2187/81027/3303/6622/7278/84790/5771/7329/1965/57697/2189/8877/1147/79861/2175/3608/983/91442/54920/4869/8517/10376/3312/3305"
"R-HSA-8986944","Transcriptional Regulation by MECP2",61,0.448823392127207,1.56129170117472,0.00844333559638895,0.0399972869108939,0.0295580229599902,3451,"tags=36%, list=15%, signal=31%","5816/1392/2904/2593/6657/815/627/28514/808/4986/817/2903/816/6515/2290/6446/23112/2571/27327/57690/25942/3066"
"R-HSA-9694516","SARS-CoV-2 Infection",294,-0.293871787310459,-1.33866076302072,0.00855701320265401,0.0404203073789184,0.0298706353812844,4914,"tags=27%, list=22%, signal=22%","5170/7529/25834/6637/348995/3135/25978/6191/3454/7284/6482/23279/1650/100526767/3716/3326/7316/7534/6382/56965/79023/3703/8021/27090/2810/50628/5903/22863/58505/25929/57617/203859/89122/6634/85437/8487/6632/30849/11311/7329/92421/10762/7415/10454/11218/6628/57122/8678/7555/1147/3134/79760/9868/3106/114548/4928/53371/79668/51125/79902/3838/8517/7082/8480/857/7532/51114/6184/79833/81929/23511/6606/6607/129401/10146/81631/4247/10484/55741/5045"
"R-HSA-166663","Initial triggering of complement",20,0.605495986827739,1.68069332180394,0.0086604004779369,0.0407924545239187,0.0301456523813354,6001,"tags=65%, list=27%, signal=48%","720/721/716/718/715/2219/1675/8547/2220/712/5199/78989/717"
"R-HSA-73980","RNA Polymerase III Transcription Termination",23,-0.568244809852831,-1.6857881948619,0.0087618109722622,0.0410386697128594,0.0303276055779115,2649,"tags=43%, list=12%, signal=38%","171568/11128/10622/9533/6741/10623/27297/5437/55703/5435"
"R-HSA-5205685","PINK1-PRKN Mediated Mitophagy",33,-0.515940024876491,-1.63686641537335,0.00876217676619556,0.0410386697128594,0.0303276055779115,2602,"tags=61%, list=12%, signal=54%","84557/7419/387522/7334/29110/7322/55669/7316/7416/100188893/9140/56993/401505/9474/9868/5071/9927/8878/10452/81631"
"R-HSA-73863","RNA Polymerase I Transcription Termination",31,-0.525181853984584,-1.64610375015053,0.00913989956403575,0.0426871928934402,0.0315458653596371,3202,"tags=35%, list=14%, signal=30%","9015/2068/64425/902/84172/9533/2965/5437/79101/1022/5435"
"R-HSA-110312","Translesion synthesis by REV1",16,-0.617647166180682,-1.64900276261957,0.00932415464701326,0.0434254168672696,0.0320914133918493,4093,"tags=56%, list=18%, signal=46%","7316/6119/6117/5983/5981/5984/5982/5985/6118"
"R-HSA-110314","Recognition of DNA damage by PCNA-containing replication complex",30,-0.520837688646322,-1.61911543103841,0.00940682190070356,0.0436877050738558,0.0322852445596903,4568,"tags=50%, list=20%, signal=40%","8451/7316/6119/6117/5983/5981/56852/5425/5984/51514/5982/5985/5427/6118/54107"
"R-HSA-196791","Vitamin D (calciferol) metabolism",12,-0.684800324793694,-1.6868758617301,0.00974579955648144,0.0442699607250582,0.0327155318925577,3598,"tags=50%, list=16%, signal=42%","2638/1591/8029/7329/26119/7421"
"R-HSA-5655862","Translesion synthesis by POLK",17,-0.613391248997681,-1.6774061663713,0.00973279898244835,0.0442699607250582,0.0327155318925577,4093,"tags=53%, list=18%, signal=43%","7316/6119/6117/5983/5981/5984/5982/5985/6118"
"R-HSA-2022928","HS-GAG biosynthesis",31,0.526693270219374,1.60785761406369,0.00967671371260234,0.0442699607250582,0.0327155318925577,4658,"tags=45%, list=21%, signal=36%","9394/221914/2262/9951/9957/8509/2719/2239/6383/64711/222537/9672/90161/2817"
"R-HSA-2644602","Signaling by NOTCH1 PEST Domain Mutants in Cancer",57,0.44437850363753,1.53563885394097,0.00971769567856983,0.0442699607250582,0.0327155318925577,1915,"tags=25%, list=8%, signal=23%","9148/182/54567/55534/84441/28514/57534/3280/4851/83464/1387/3714/10013/142678"
"R-HSA-2644603","Signaling by NOTCH1 in Cancer",57,0.44437850363753,1.53563885394097,0.00971769567856983,0.0442699607250582,0.0327155318925577,1915,"tags=25%, list=8%, signal=23%","9148/182/54567/55534/84441/28514/57534/3280/4851/83464/1387/3714/10013/142678"
"R-HSA-2644606","Constitutive Signaling by NOTCH1 PEST Domain Mutants",57,0.44437850363753,1.53563885394097,0.00971769567856983,0.0442699607250582,0.0327155318925577,1915,"tags=25%, list=8%, signal=23%","9148/182/54567/55534/84441/28514/57534/3280/4851/83464/1387/3714/10013/142678"
"R-HSA-2894858","Signaling by NOTCH1 HD+PEST Domain Mutants in Cancer",57,0.44437850363753,1.53563885394097,0.00971769567856983,0.0442699607250582,0.0327155318925577,1915,"tags=25%, list=8%, signal=23%","9148/182/54567/55534/84441/28514/57534/3280/4851/83464/1387/3714/10013/142678"
"R-HSA-2894862","Constitutive Signaling by NOTCH1 HD+PEST Domain Mutants",57,0.44437850363753,1.53563885394097,0.00971769567856983,0.0442699607250582,0.0327155318925577,1915,"tags=25%, list=8%, signal=23%","9148/182/54567/55534/84441/28514/57534/3280/4851/83464/1387/3714/10013/142678"
"R-HSA-6798695","Neutrophil degranulation",467,-0.260103773977939,-1.23967540346993,0.00979147382621267,0.044355911485958,0.032779049564888,4956,"tags=26%, list=22%, signal=21%","8655/4353/55276/1536/5683/1729/5265/1118/80184/11031/5906/728/1823/22918/4758/8836/10383/55754/1512/1991/1650/64114/3326/654364/5869/8907/51382/84766/2495/1084/5707/4048/5719/178/11240/116844/388697/2512/3303/6317/10450/55313/1522/7520/80142/3687/1774/4069/5718/4332/10533/51071/2760/23412/2992/5695/10890/5689/968/5709/353376/6947/4057/387/5806/387263/57126/719/5036/47/3615/5708/7415/5686/83716/102725035/107987462/4311/55/5328/5701/258010/4860/3074/5724/3608/3106/54918/7414/5717/5878/100302736/5787/27180/51125/5594/10213/175/56888/671/170482/23406/4893/154664/93100/80331/6386/10970/8876/2547/4257/8560/23250/10576/11010/3312/79980/2717/353189/10549/2171"
"R-HSA-72086","mRNA Capping",29,-0.525421030819487,-1.62986256297994,0.00987744779959726,0.04462345627175,0.0329767653484331,4771,"tags=38%, list=21%, signal=30%","2967/22916/5431/5433/8731/2068/902/2965/5437/1022/5435"
"R-HSA-445095","Interaction between L1 and Ankyrins",31,0.526075403679913,1.60597142816363,0.0102180597357493,0.0460368017442182,0.0340212286396228,4061,"tags=42%, list=18%, signal=34%","4897/3785/6330/6324/6326/55800/6327/6328/288/6710/57731/6336/51332"
"R-HSA-1362277","Transcription of E2F targets under negative control by DREAM complex",19,-0.599771397179422,-1.70427278551727,0.0103991965120372,0.0467259290432456,0.0345304941948688,4056,"tags=68%, list=18%, signal=56%","5111/91750/1875/1874/132660/4609/5933/286826/7027/7153/1869/990/993"
"R-HSA-74158","RNA Polymerase III Transcription",41,-0.477273841441058,-1.61269754236179,0.0105519729239626,0.0467785323741442,0.0345693680931394,2973,"tags=44%, list=13%, signal=38%","51728/4784/55814/6619/9330/2976/171568/11128/10622/9533/6741/9329/10623/27297/55290/5437/55703/5435"
"R-HSA-749476","RNA Polymerase III Abortive And Retractive Initiation",41,-0.477273841441058,-1.61269754236179,0.0105519729239626,0.0467785323741442,0.0345693680931394,2973,"tags=44%, list=13%, signal=38%","51728/4784/55814/6619/9330/2976/171568/11128/10622/9533/6741/9329/10623/27297/55290/5437/55703/5435"
"R-HSA-1855204","Synthesis of IP3 and IP4 in the cytosol",28,0.521322019723284,1.54200124082997,0.0104434985938751,0.0467785323741442,0.0345693680931394,2307,"tags=29%, list=10%, signal=26%","3636/5335/84812/5333/23007/808/5330/9651"
"R-HSA-373080","Class B/2 (Secretin family receptors)",94,0.396289418956402,1.50304484885368,0.0105296679690654,0.0467785323741442,0.0345693680931394,3535,"tags=35%, list=16%, signal=30%","5727/7481/1392/1394/104909134/7483/7474/7482/10268/113091/54361/2692/2778/7434/2782/79924/2642/7473/117/8326/7475/8325/1393/7472/11211/8322/8643/1395/7855/7433/6344/30817/50846"
"R-HSA-9679506","SARS-CoV Infections",409,-0.272745301310584,-1.27959545648051,0.0105098444960824,0.0467785323741442,0.0345693680931394,4248,"tags=23%, list=19%, signal=19%","23279/1650/100526767/3716/3326/7316/7534/5931/6382/56965/81030/53828/79023/83737/3703/8021/27090/2810/50628/5903/22863/483/100529261/58505/25929/57617/203859/89122/6634/8737/85437/8487/6632/30849/10280/11311/480/7329/92421/10762/3615/7415/2280/10454/11218/477/6628/57122/8678/10728/7555/10465/1108/1147/3134/23186/3688/79760/9868/5133/3106/114548/5094/4928/53371/4869/79668/51125/9817/79902/3838/8517/5479/9475/7082/8480/857/7532/51114/6184/4780/79833/81929/23511/6606/6607/3570/129401/10146/81631/4247/10484/55741/5045"
"R-HSA-9013148","CDC42 GTPase cycle",154,0.344322440949147,1.40389179972605,0.0109660338180154,0.048484490854052,0.0358300726011786,5691,"tags=32%, list=25%, signal=24%","83478/57144/55240/57480/2040/9901/80728/148170/57572/644150/147179/10602/23263/55004/3728/5296/5295/8976/23002/144402/50649/7879/8476/26030/10672/80243/23229/10160/58504/398/115703/998/23513/23348/9411/10451/10298/50855/84364/201176/26286/5337/23092/115557/10435/10928/9743/57522/4168"
"R-HSA-3781865","Diseases of glycosylation",144,0.351925988681072,1.41723977137867,0.0111048443726738,0.0489676382178009,0.036187118840404,3165,"tags=25%, list=14%, signal=22%","11173/221914/11096/633/4584/2262/157869/143662/727897/176/10071/81794/113189/4582/4854/56999/54507/9719/2331/1463/7841/4851/2592/10675/4583/5236/170689/171019/2719/1634/81792/5549/9469/79644/2239/6383"
"R-HSA-6802952","Signaling by BRAF and RAF1 fusions",67,0.425708685417323,1.50241858131903,0.0112266525376391,0.0493734480302538,0.0364870125752114,3417,"tags=27%, list=15%, signal=23%","9715/23164/5595/9444/7094/408/815/8844/8805/808/817/2244/816/3265/3674/10018/54845/8087"
